pi,ri,di,si,flag_convergence,running_time,
0,0,0,0,TRUE,74,"32
"
0,0,0,1,TRUE,24,"20
"
0,0,0,2,TRUE,13,"9
"
0,0,0,3,TRUE,11,"8
"
0,0,0,4,TRUE,13,"7
"
0,0,0,5,TRUE,21,"6
"
0,0,0,6,TRUE,5,"5
"
0,0,0,7,TRUE,7,"4
"
0,0,1,0,TRUE,60,"32
"
0,0,1,1,TRUE,39,"20
"
0,0,1,2,TRUE,11,"9
"
0,0,1,3,TRUE,20,"8
"
0,0,1,4,TRUE,8,"7
"
0,0,1,5,TRUE,6,"6
"
0,0,1,6,TRUE,9,"5
"
0,0,1,7,TRUE,3,"4
"
0,0,2,0,TRUE,54,"32
"
0,0,2,1,TRUE,23,"20
"
0,0,2,2,TRUE,10,"9
"
0,0,2,3,TRUE,10,"8
"
0,0,2,4,TRUE,7,"7
"
0,0,2,5,TRUE,7,"6
"
0,0,2,6,TRUE,5,"5
"
0,0,2,7,TRUE,4,"4
"
0,0,3,0,TRUE,37,"32
"
0,0,3,1,TRUE,21,"20
"
0,0,3,2,TRUE,9,"9
"
0,0,3,3,TRUE,8,"8
"
0,0,3,4,TRUE,8,"7
"
0,0,3,5,TRUE,6,"6
"
0,0,3,6,TRUE,7,"5
"
0,0,3,7,TRUE,7,"4
"
0,0,4,0,TRUE,36,"32
"
0,0,4,1,TRUE,20,"20
"
0,0,4,2,TRUE,8,"9
"
0,0,4,3,TRUE,17,"8
"
0,0,4,4,TRUE,7,"7
"
0,0,4,5,TRUE,6,"6
"
0,0,4,6,TRUE,5,"5
"
0,0,4,7,TRUE,4,"4
"
0,0,5,0,TRUE,34,"32
"
0,0,5,1,TRUE,23,"20
"
0,0,5,2,TRUE,9,"9
"
0,0,5,3,TRUE,10,"8
"
0,0,5,4,TRUE,9,"7
"
0,0,5,5,TRUE,19,"6
"
0,0,5,6,TRUE,9,"5
"
0,0,5,7,TRUE,11,"4
"
0,0,6,0,TRUE,77,"32
"
0,0,6,1,TRUE,50,"20
"
0,0,6,2,TRUE,13,"9
"
0,0,6,3,TRUE,20,"8
"
0,0,6,4,TRUE,7,"7
"
0,0,6,5,TRUE,13,"6
"
0,0,6,6,TRUE,9,"5
"
0,0,6,7,TRUE,5,"4
"
0,1,0,0,TRUE,76,"32
"
0,1,0,1,TRUE,50,"21
"
0,1,0,2,TRUE,26,"10
"
0,1,0,3,TRUE,16,"8
"
0,1,0,4,TRUE,20,"7
"
0,1,0,5,TRUE,16,"6
"
0,1,0,6,TRUE,15,"6
"
0,1,0,7,TRUE,8,"4
"
0,1,1,0,TRUE,84,"35
"
0,1,1,1,TRUE,54,"22
"
0,1,1,2,TRUE,26,"11
"
0,1,1,3,TRUE,14,"9
"
0,1,1,4,TRUE,17,"8
"
0,1,1,5,TRUE,9,"7
"
0,1,1,6,TRUE,14,"6
"
0,1,1,7,TRUE,9,"4
"
0,1,2,0,TRUE,107,"36
"
0,1,2,1,TRUE,69,"23
"
0,1,2,2,TRUE,43,"12
"
0,1,2,3,TRUE,30,"10
"
0,1,2,4,TRUE,14,"9
"
0,1,2,5,TRUE,18,"8
"
0,1,2,6,TRUE,15,"6
"
0,1,2,7,TRUE,9,"4
"
0,1,3,0,TRUE,100,"36
"
0,1,3,1,TRUE,62,"23
"
0,1,3,2,TRUE,43,"13
"
0,1,3,3,TRUE,28,"11
"
0,1,3,4,TRUE,25,"10
"
0,1,3,5,TRUE,22,"8
"
0,1,3,6,TRUE,18,"7
"
0,1,3,7,TRUE,6,"4
"
0,1,4,0,TRUE,108,"36
"
0,1,4,1,TRUE,102,"23
"
0,1,4,2,TRUE,46,"13
"
0,1,4,3,TRUE,32,"11
"
0,1,4,4,TRUE,31,"10
"
0,1,4,5,TRUE,33,"8
"
0,1,4,6,TRUE,19,"7
"
0,1,4,7,TRUE,18,"5
"
0,1,5,0,TRUE,158,"36
"
0,1,5,1,TRUE,87,"23
"
0,1,5,2,TRUE,43,"13
"
0,1,5,3,TRUE,33,"11
"
0,1,5,4,TRUE,31,"10
"
0,1,5,5,TRUE,31,"8
"
0,1,5,6,TRUE,24,"7
"
0,1,5,7,TRUE,14,"5
"
0,1,6,0,TRUE,115,"36
"
0,1,6,1,TRUE,79,"23
"
0,1,6,2,TRUE,40,"13
"
0,1,6,3,TRUE,34,"11
"
0,1,6,4,TRUE,21,"10
"
0,1,6,5,TRUE,25,"8
"
0,1,6,6,TRUE,19,"7
"
0,1,6,7,TRUE,18,"5
"
0,2,0,0,TRUE,87,"32
"
0,2,0,1,TRUE,59,"21
"
0,2,0,2,TRUE,31,"11
"
0,2,0,3,TRUE,14,"10
"
0,2,0,4,TRUE,21,"9
"
0,2,0,5,TRUE,16,"7
"
0,2,0,6,TRUE,17,"6
"
0,2,0,7,TRUE,7,"4
"
0,2,1,0,TRUE,103,"35
"
0,2,1,1,TRUE,64,"22
"
0,2,1,2,TRUE,25,"12
"
0,2,1,3,TRUE,33,"10
"
0,2,1,4,TRUE,26,"9
"
0,2,1,5,TRUE,20,"8
"
0,2,1,6,TRUE,17,"7
"
0,2,1,7,TRUE,13,"4
"
0,2,2,0,TRUE,142,"36
"
0,2,2,1,TRUE,96,"22
"
0,2,2,2,TRUE,57,"14
"
0,2,2,3,TRUE,37,"12
"
0,2,2,4,TRUE,58,"11
"
0,2,2,5,TRUE,41,"9
"
0,2,2,6,TRUE,27,"8
"
0,2,2,7,TRUE,24,"5
"
0,2,3,0,TRUE,175,"33
"
0,2,3,1,TRUE,100,"22
"
0,2,3,2,TRUE,55,"15
"
0,2,3,3,TRUE,64,"13
"
0,2,3,4,TRUE,43,"12
"
0,2,3,5,TRUE,44,"10
"
0,2,3,6,TRUE,39,"9
"
0,2,3,7,TRUE,17,"5
"
0,2,4,0,TRUE,183,"33
"
0,2,4,1,TRUE,108,"22
"
0,2,4,2,TRUE,83,"15
"
0,2,4,3,TRUE,56,"14
"
0,2,4,4,TRUE,69,"13
"
0,2,4,5,TRUE,55,"11
"
0,2,4,6,TRUE,46,"9
"
0,2,4,7,TRUE,21,"5
"
0,2,5,0,TRUE,206,"33
"
0,2,5,1,TRUE,123,"22
"
0,2,5,2,TRUE,96,"15
"
0,2,5,3,TRUE,80,"14
"
0,2,5,4,TRUE,62,"13
"
0,2,5,5,TRUE,56,"11
"
0,2,5,6,TRUE,49,"9
"
0,2,5,7,TRUE,25,"5
"
0,2,6,0,TRUE,139,"32
"
0,2,6,1,TRUE,109,"22
"
0,2,6,2,TRUE,81,"16
"
0,2,6,3,TRUE,83,"14
"
0,2,6,4,TRUE,79,"13
"
0,2,6,5,TRUE,64,"11
"
0,2,6,6,TRUE,49,"9
"
0,2,6,7,TRUE,24,"5
"
0,3,0,0,TRUE,123,"32
"
0,3,0,1,TRUE,66,"21
"
0,3,0,2,TRUE,37,"13
"
0,3,0,3,TRUE,45,"11
"
0,3,0,4,TRUE,32,"10
"
0,3,0,5,TRUE,26,"9
"
0,3,0,6,TRUE,12,"7
"
0,3,0,7,TRUE,14,"5
"
0,3,1,0,TRUE,136,"35
"
0,3,1,1,TRUE,73,"21
"
0,3,1,2,TRUE,54,"14
"
0,3,1,3,TRUE,39,"12
"
0,3,1,4,TRUE,43,"11
"
0,3,1,5,TRUE,37,"9
"
0,3,1,6,TRUE,42,"7
"
0,3,1,7,TRUE,18,"5
"
0,3,2,0,TRUE,188,"35
"
0,3,2,1,TRUE,136,"21
"
0,3,2,2,TRUE,79,"15
"
0,3,2,3,TRUE,84,"14
"
0,3,2,4,TRUE,49,"13
"
0,3,2,5,TRUE,58,"11
"
0,3,2,6,TRUE,54,"9
"
0,3,2,7,TRUE,21,"5
"
0,3,3,0,TRUE,150,"24
"
0,3,3,1,TRUE,145,"21
"
0,3,3,2,TRUE,122,"16
"
0,3,3,3,TRUE,121,"15
"
0,3,3,4,TRUE,84,"14
"
0,3,3,5,TRUE,84,"12
"
0,3,3,6,TRUE,77,"10
"
0,3,3,7,TRUE,34,"6
"
0,3,4,0,TRUE,268,"26
"
0,3,4,1,TRUE,128,"20
"
0,3,4,2,TRUE,82,"16
"
0,3,4,3,TRUE,145,"15
"
0,3,4,4,TRUE,137,"15
"
0,3,4,5,TRUE,84,"13
"
0,3,4,6,TRUE,112,"11
"
0,3,4,7,TRUE,49,"6
"
0,3,5,0,TRUE,298,"27
"
0,3,5,1,TRUE,195,"19
"
0,3,5,2,TRUE,149,"17
"
0,3,5,3,TRUE,196,"16
"
0,3,5,4,TRUE,129,"15
"
0,3,5,5,TRUE,157,"14
"
0,3,5,6,TRUE,112,"12
"
0,3,5,7,TRUE,77,"7
"
0,3,6,0,TRUE,311,"29
"
0,3,6,1,TRUE,216,"19
"
0,3,6,2,TRUE,164,"17
"
0,3,6,3,TRUE,198,"16
"
0,3,6,4,TRUE,155,"15
"
0,3,6,5,TRUE,176,"14
"
0,3,6,6,TRUE,134,"12
"
0,3,6,7,TRUE,68,"7
"
0,4,0,0,TRUE,145,"32
"
0,4,0,1,TRUE,85,"20
"
0,4,0,2,TRUE,57,"14
"
0,4,0,3,TRUE,46,"12
"
0,4,0,4,TRUE,47,"11
"
0,4,0,5,TRUE,41,"9
"
0,4,0,6,TRUE,33,"8
"
0,4,0,7,TRUE,21,"5
"
0,4,1,0,TRUE,139,"35
"
0,4,1,1,TRUE,101,"21
"
0,4,1,2,TRUE,64,"14
"
0,4,1,3,TRUE,63,"13
"
0,4,1,4,TRUE,40,"11
"
0,4,1,5,TRUE,48,"10
"
0,4,1,6,TRUE,39,"8
"
0,4,1,7,TRUE,16,"5
"
0,4,2,0,TRUE,273,"36
"
0,4,2,1,TRUE,132,"21
"
0,4,2,2,TRUE,97,"16
"
0,4,2,3,TRUE,106,"14
"
0,4,2,4,TRUE,81,"13
"
0,4,2,5,TRUE,67,"11
"
0,4,2,6,TRUE,54,"10
"
0,4,2,7,TRUE,35,"6
"
0,4,3,0,TRUE,226,"23
"
0,4,3,1,TRUE,177,"20
"
0,4,3,2,TRUE,159,"16
"
0,4,3,3,TRUE,124,"15
"
0,4,3,4,TRUE,91,"14
"
0,4,3,5,TRUE,132,"13
"
0,4,3,6,TRUE,99,"11
"
0,4,3,7,TRUE,66,"6
"
0,4,4,0,TRUE,326,"25
"
0,4,4,1,TRUE,215,"19
"
0,4,4,2,TRUE,215,"17
"
0,4,4,3,TRUE,208,"16
"
0,4,4,4,TRUE,169,"15
"
0,4,4,5,TRUE,103,"14
"
0,4,4,6,TRUE,150,"12
"
0,4,4,7,TRUE,69,"7
"
0,4,5,0,TRUE,371,"23
"
0,4,5,1,TRUE,304,"18
"
0,4,5,2,TRUE,301,"17
"
0,4,5,3,TRUE,275,"16
"
0,4,5,4,TRUE,150,"16
"
0,4,5,5,TRUE,240,"14
"
0,4,5,6,TRUE,170,"13
"
0,4,5,7,TRUE,106,"7
"
0,4,6,0,TRUE,307,"21
"
0,4,6,1,TRUE,317,"17
"
0,4,6,2,TRUE,328,"17
"
0,4,6,3,TRUE,348,"17
"
0,4,6,4,TRUE,301,"16
"
0,4,6,5,TRUE,247,"15
"
0,4,6,6,TRUE,219,"14
"
0,4,6,7,TRUE,145,"8
"
0,5,0,0,TRUE,172,"32
"
0,5,0,1,TRUE,103,"20
"
0,5,0,2,TRUE,75,"15
"
0,5,0,3,TRUE,57,"13
"
0,5,0,4,TRUE,66,"12
"
0,5,0,5,TRUE,50,"10
"
0,5,0,6,TRUE,37,"8
"
0,5,0,7,TRUE,25,"5
"
0,5,1,0,TRUE,149,"35
"
0,5,1,1,TRUE,122,"21
"
0,5,1,2,TRUE,74,"15
"
0,5,1,3,TRUE,51,"13
"
0,5,1,4,TRUE,64,"12
"
0,5,1,5,TRUE,43,"10
"
0,5,1,6,TRUE,37,"9
"
0,5,1,7,TRUE,20,"5
"
0,5,2,0,TRUE,252,"36
"
0,5,2,1,TRUE,175,"21
"
0,5,2,2,TRUE,154,"16
"
0,5,2,3,TRUE,121,"15
"
0,5,2,4,TRUE,81,"14
"
0,5,2,5,TRUE,111,"12
"
0,5,2,6,TRUE,76,"10
"
0,5,2,7,TRUE,52,"6
"
0,5,3,0,TRUE,267,"22
"
0,5,3,1,TRUE,222,"18
"
0,5,3,2,TRUE,192,"16
"
0,5,3,3,TRUE,179,"16
"
0,5,3,4,TRUE,197,"15
"
0,5,3,5,TRUE,140,"13
"
0,5,3,6,TRUE,120,"11
"
0,5,3,7,TRUE,84,"7
"
0,5,4,0,TRUE,341,"24
"
0,5,4,1,TRUE,313,"18
"
0,5,4,2,TRUE,275,"17
"
0,5,4,3,TRUE,224,"16
"
0,5,4,4,TRUE,203,"15
"
0,5,4,5,TRUE,213,"14
"
0,5,4,6,TRUE,164,"12
"
0,5,4,7,TRUE,105,"7
"
0,5,5,0,TRUE,409,"22
"
0,5,5,1,TRUE,380,"18
"
0,5,5,2,TRUE,362,"17
"
0,5,5,3,TRUE,299,"16
"
0,5,5,4,TRUE,298,"16
"
0,5,5,5,TRUE,255,"15
"
0,5,5,6,TRUE,274,"13
"
0,5,5,7,TRUE,144,"8
"
0,5,6,0,TRUE,450,"18
"
0,5,6,1,TRUE,338,"17
"
0,5,6,2,TRUE,432,"17
"
0,5,6,3,TRUE,399,"17
"
0,5,6,4,TRUE,391,"16
"
0,5,6,5,TRUE,337,"15
"
0,5,6,6,TRUE,322,"14
"
0,5,6,7,TRUE,213,"9
"
0,6,0,0,TRUE,111,"32
"
0,6,0,1,TRUE,104,"20
"
0,6,0,2,TRUE,86,"15
"
0,6,0,3,TRUE,93,"14
"
0,6,0,4,TRUE,82,"12
"
0,6,0,5,TRUE,46,"10
"
0,6,0,6,TRUE,69,"9
"
0,6,0,7,TRUE,30,"5
"
0,6,1,0,TRUE,180,"35
"
0,6,1,1,TRUE,121,"20
"
0,6,1,2,TRUE,89,"16
"
0,6,1,3,TRUE,90,"14
"
0,6,1,4,TRUE,70,"12
"
0,6,1,5,TRUE,68,"11
"
0,6,1,6,TRUE,55,"9
"
0,6,1,7,TRUE,38,"6
"
0,6,2,0,TRUE,305,"36
"
0,6,2,1,TRUE,186,"21
"
0,6,2,2,TRUE,154,"17
"
0,6,2,3,TRUE,124,"15
"
0,6,2,4,TRUE,110,"14
"
0,6,2,5,TRUE,102,"12
"
0,6,2,6,TRUE,99,"11
"
0,6,2,7,TRUE,43,"6
"
0,6,3,0,TRUE,327,"22
"
0,6,3,1,TRUE,212,"17
"
0,6,3,2,TRUE,208,"17
"
0,6,3,3,TRUE,240,"16
"
0,6,3,4,TRUE,229,"15
"
0,6,3,5,TRUE,168,"13
"
0,6,3,6,TRUE,141,"12
"
0,6,3,7,TRUE,109,"7
"
0,6,4,0,TRUE,429,"23
"
0,6,4,1,TRUE,252,"17
"
0,6,4,2,TRUE,270,"17
"
0,6,4,3,TRUE,284,"16
"
0,6,4,4,TRUE,310,"16
"
0,6,4,5,TRUE,266,"14
"
0,6,4,6,TRUE,257,"13
"
0,6,4,7,TRUE,125,"8
"
0,6,5,0,TRUE,495,"22
"
0,6,5,1,TRUE,436,"18
"
0,6,5,2,TRUE,366,"17
"
0,6,5,3,TRUE,355,"16
"
0,6,5,4,TRUE,348,"16
"
0,6,5,5,TRUE,401,"15
"
0,6,5,6,TRUE,338,"14
"
0,6,5,7,TRUE,137,"8
"
0,6,6,0,TRUE,595,"18
"
0,6,6,1,TRUE,383,"16
"
0,6,6,2,TRUE,529,"17
"
0,6,6,3,TRUE,495,"17
"
0,6,6,4,TRUE,488,"16
"
0,6,6,5,TRUE,504,"15
"
0,6,6,6,TRUE,360,"14
"
0,6,6,7,TRUE,293,"9
"
1,0,0,0,TRUE,173,"97
"
1,0,0,1,TRUE,33,"32
"
1,0,0,2,TRUE,13,"12
"
1,0,0,3,TRUE,11,"10
"
1,0,0,4,TRUE,9,"8
"
1,0,0,5,TRUE,7,"7
"
1,0,0,6,TRUE,8,"6
"
1,0,0,7,TRUE,5,"4
"
1,0,1,0,TRUE,206,"97
"
1,0,1,1,TRUE,65,"32
"
1,0,1,2,TRUE,30,"12
"
1,0,1,3,TRUE,17,"10
"
1,0,1,4,TRUE,17,"8
"
1,0,1,5,TRUE,11,"7
"
1,0,1,6,TRUE,14,"6
"
1,0,1,7,TRUE,7,"4
"
1,0,2,0,TRUE,239,"97
"
1,0,2,1,TRUE,49,"32
"
1,0,2,2,TRUE,24,"12
"
1,0,2,3,TRUE,15,"10
"
1,0,2,4,TRUE,17,"8
"
1,0,2,5,TRUE,14,"7
"
1,0,2,6,TRUE,12,"6
"
1,0,2,7,TRUE,5,"4
"
1,0,3,0,TRUE,222,"97
"
1,0,3,1,TRUE,66,"32
"
1,0,3,2,TRUE,16,"12
"
1,0,3,3,TRUE,18,"10
"
1,0,3,4,TRUE,11,"8
"
1,0,3,5,TRUE,13,"7
"
1,0,3,6,TRUE,14,"6
"
1,0,3,7,TRUE,8,"4
"
1,0,4,0,TRUE,171,"97
"
1,0,4,1,TRUE,65,"32
"
1,0,4,2,TRUE,27,"12
"
1,0,4,3,TRUE,22,"10
"
1,0,4,4,TRUE,14,"8
"
1,0,4,5,TRUE,13,"7
"
1,0,4,6,TRUE,13,"6
"
1,0,4,7,TRUE,8,"4
"
1,0,5,0,TRUE,222,"97
"
1,0,5,1,TRUE,70,"32
"
1,0,5,2,TRUE,24,"12
"
1,0,5,3,TRUE,20,"10
"
1,0,5,4,TRUE,16,"8
"
1,0,5,5,TRUE,9,"7
"
1,0,5,6,TRUE,8,"6
"
1,0,5,7,TRUE,5,"4
"
1,0,6,0,TRUE,211,"97
"
1,0,6,1,TRUE,70,"32
"
1,0,6,2,TRUE,20,"12
"
1,0,6,3,TRUE,21,"10
"
1,0,6,4,TRUE,12,"8
"
1,0,6,5,TRUE,13,"7
"
1,0,6,6,TRUE,6,"6
"
1,0,6,7,TRUE,9,"4
"
1,1,0,0,TRUE,254,"97
"
1,1,0,1,TRUE,71,"32
"
1,1,0,2,TRUE,31,"13
"
1,1,0,3,TRUE,14,"11
"
1,1,0,4,TRUE,19,"9
"
1,1,0,5,TRUE,10,"7
"
1,1,0,6,TRUE,12,"6
"
1,1,0,7,TRUE,5,"4
"
1,1,1,0,TRUE,221,"98
"
1,1,1,1,TRUE,95,"34
"
1,1,1,2,TRUE,35,"14
"
1,1,1,3,TRUE,30,"11
"
1,1,1,4,TRUE,21,"10
"
1,1,1,5,TRUE,17,"8
"
1,1,1,6,TRUE,21,"6
"
1,1,1,7,TRUE,8,"4
"
1,1,2,0,TRUE,230,"94
"
1,1,2,1,TRUE,81,"35
"
1,1,2,2,TRUE,33,"14
"
1,1,2,3,TRUE,34,"12
"
1,1,2,4,TRUE,31,"10
"
1,1,2,5,TRUE,23,"8
"
1,1,2,6,TRUE,19,"7
"
1,1,2,7,TRUE,13,"5
"
1,1,3,0,TRUE,250,"94
"
1,1,3,1,TRUE,89,"35
"
1,1,3,2,TRUE,32,"15
"
1,1,3,3,TRUE,36,"12
"
1,1,3,4,TRUE,33,"11
"
1,1,3,5,TRUE,33,"9
"
1,1,3,6,TRUE,20,"7
"
1,1,3,7,TRUE,11,"5
"
1,1,4,0,TRUE,337,"94
"
1,1,4,1,TRUE,100,"35
"
1,1,4,2,TRUE,41,"15
"
1,1,4,3,TRUE,40,"12
"
1,1,4,4,TRUE,31,"11
"
1,1,4,5,TRUE,31,"9
"
1,1,4,6,TRUE,17,"7
"
1,1,4,7,TRUE,12,"5
"
1,1,5,0,TRUE,331,"94
"
1,1,5,1,TRUE,125,"35
"
1,1,5,2,TRUE,52,"15
"
1,1,5,3,TRUE,43,"13
"
1,1,5,4,TRUE,32,"11
"
1,1,5,5,TRUE,36,"9
"
1,1,5,6,TRUE,28,"7
"
1,1,5,7,TRUE,18,"5
"
1,1,6,0,TRUE,306,"94
"
1,1,6,1,TRUE,136,"35
"
1,1,6,2,TRUE,34,"15
"
1,1,6,3,TRUE,40,"13
"
1,1,6,4,TRUE,48,"11
"
1,1,6,5,TRUE,29,"9
"
1,1,6,6,TRUE,28,"8
"
1,1,6,7,TRUE,17,"5
"
1,2,0,0,TRUE,316,"97
"
1,2,0,1,TRUE,76,"32
"
1,2,0,2,TRUE,36,"14
"
1,2,0,3,TRUE,42,"11
"
1,2,0,4,TRUE,29,"10
"
1,2,0,5,TRUE,25,"8
"
1,2,0,6,TRUE,17,"7
"
1,2,0,7,TRUE,15,"5
"
1,2,1,0,TRUE,270,"98
"
1,2,1,1,TRUE,92,"34
"
1,2,1,2,TRUE,58,"14
"
1,2,1,3,TRUE,41,"12
"
1,2,1,4,TRUE,22,"10
"
1,2,1,5,TRUE,21,"9
"
1,2,1,6,TRUE,16,"7
"
1,2,1,7,TRUE,15,"5
"
1,2,2,0,TRUE,384,"94
"
1,2,2,1,TRUE,126,"35
"
1,2,2,2,TRUE,84,"16
"
1,2,2,3,TRUE,57,"14
"
1,2,2,4,TRUE,38,"12
"
1,2,2,5,TRUE,37,"10
"
1,2,2,6,TRUE,35,"8
"
1,2,2,7,TRUE,21,"5
"
1,2,3,0,TRUE,358,"84
"
1,2,3,1,TRUE,186,"35
"
1,2,3,2,TRUE,64,"17
"
1,2,3,3,TRUE,79,"15
"
1,2,3,4,TRUE,69,"13
"
1,2,3,5,TRUE,41,"11
"
1,2,3,6,TRUE,39,"9
"
1,2,3,7,TRUE,25,"5
"
1,2,4,0,TRUE,423,"83
"
1,2,4,1,TRUE,184,"35
"
1,2,4,2,TRUE,103,"17
"
1,2,4,3,TRUE,85,"15
"
1,2,4,4,TRUE,60,"14
"
1,2,4,5,TRUE,53,"11
"
1,2,4,6,TRUE,45,"9
"
1,2,4,7,TRUE,25,"5
"
1,2,5,0,TRUE,507,"83
"
1,2,5,1,TRUE,182,"35
"
1,2,5,2,TRUE,71,"18
"
1,2,5,3,TRUE,60,"15
"
1,2,5,4,TRUE,54,"14
"
1,2,5,5,TRUE,32,"12
"
1,2,5,6,TRUE,33,"9
"
1,2,5,7,TRUE,30,"6
"
1,2,6,0,TRUE,483,"82
"
1,2,6,1,TRUE,182,"33
"
1,2,6,2,TRUE,108,"18
"
1,2,6,3,TRUE,82,"16
"
1,2,6,4,TRUE,78,"14
"
1,2,6,5,TRUE,66,"12
"
1,2,6,6,TRUE,68,"10
"
1,2,6,7,TRUE,33,"6
"
1,3,0,0,TRUE,315,"97
"
1,3,0,1,TRUE,122,"32
"
1,3,0,2,TRUE,61,"16
"
1,3,0,3,TRUE,27,"14
"
1,3,0,4,TRUE,28,"12
"
1,3,0,5,TRUE,24,"10
"
1,3,0,6,TRUE,33,"8
"
1,3,0,7,TRUE,22,"5
"
1,3,1,0,TRUE,376,"98
"
1,3,1,1,TRUE,123,"34
"
1,3,1,2,TRUE,59,"16
"
1,3,1,3,TRUE,29,"14
"
1,3,1,4,TRUE,56,"12
"
1,3,1,5,TRUE,37,"10
"
1,3,1,6,TRUE,23,"8
"
1,3,1,7,TRUE,20,"5
"
1,3,2,0,TRUE,544,"94
"
1,3,2,1,TRUE,185,"34
"
1,3,2,2,TRUE,58,"17
"
1,3,2,3,TRUE,57,"15
"
1,3,2,4,TRUE,47,"14
"
1,3,2,5,TRUE,37,"12
"
1,3,2,6,TRUE,40,"10
"
1,3,2,7,TRUE,32,"6
"
1,3,3,0,TRUE,340,"53
"
1,3,3,1,TRUE,189,"25
"
1,3,3,2,TRUE,84,"18
"
1,3,3,3,TRUE,91,"16
"
1,3,3,4,TRUE,70,"15
"
1,3,3,5,TRUE,71,"13
"
1,3,3,6,TRUE,79,"11
"
1,3,3,7,TRUE,39,"6
"
1,3,4,0,TRUE,642,"70
"
1,3,4,1,TRUE,247,"29
"
1,3,4,2,TRUE,171,"18
"
1,3,4,3,TRUE,138,"17
"
1,3,4,4,TRUE,112,"16
"
1,3,4,5,TRUE,123,"14
"
1,3,4,6,TRUE,99,"12
"
1,3,4,7,TRUE,60,"7
"
1,3,5,0,TRUE,657,"58
"
1,3,5,1,TRUE,276,"27
"
1,3,5,2,TRUE,208,"18
"
1,3,5,3,TRUE,146,"17
"
1,3,5,4,TRUE,158,"16
"
1,3,5,5,TRUE,145,"15
"
1,3,5,6,TRUE,147,"13
"
1,3,5,7,TRUE,68,"7
"
1,3,6,0,TRUE,703,"61
"
1,3,6,1,TRUE,250,"29
"
1,3,6,2,TRUE,171,"18
"
1,3,6,3,TRUE,182,"17
"
1,3,6,4,TRUE,145,"16
"
1,3,6,5,TRUE,165,"15
"
1,3,6,6,TRUE,131,"13
"
1,3,6,7,TRUE,78,"7
"
1,4,0,0,TRUE,364,"96
"
1,4,0,1,TRUE,144,"31
"
1,4,0,2,TRUE,68,"17
"
1,4,0,3,TRUE,63,"15
"
1,4,0,4,TRUE,59,"13
"
1,4,0,5,TRUE,55,"11
"
1,4,0,6,TRUE,40,"9
"
1,4,0,7,TRUE,19,"5
"
1,4,1,0,TRUE,435,"97
"
1,4,1,1,TRUE,153,"33
"
1,4,1,2,TRUE,34,"17
"
1,4,1,3,TRUE,44,"15
"
1,4,1,4,TRUE,46,"13
"
1,4,1,5,TRUE,51,"11
"
1,4,1,6,TRUE,22,"9
"
1,4,1,7,TRUE,20,"5
"
1,4,2,0,TRUE,667,"94
"
1,4,2,1,TRUE,193,"35
"
1,4,2,2,TRUE,78,"18
"
1,4,2,3,TRUE,89,"16
"
1,4,2,4,TRUE,104,"15
"
1,4,2,5,TRUE,78,"13
"
1,4,2,6,TRUE,95,"11
"
1,4,2,7,TRUE,37,"6
"
1,4,3,0,TRUE,343,"36
"
1,4,3,1,TRUE,197,"24
"
1,4,3,2,TRUE,160,"18
"
1,4,3,3,TRUE,150,"17
"
1,4,3,4,TRUE,150,"16
"
1,4,3,5,TRUE,121,"14
"
1,4,3,6,TRUE,89,"12
"
1,4,3,7,TRUE,70,"7
"
1,4,4,0,TRUE,546,"44
"
1,4,4,1,TRUE,289,"25
"
1,4,4,2,TRUE,206,"18
"
1,4,4,3,TRUE,230,"17
"
1,4,4,4,TRUE,229,"17
"
1,4,4,5,TRUE,168,"15
"
1,4,4,6,TRUE,175,"13
"
1,4,4,7,TRUE,79,"7
"
1,4,5,0,TRUE,616,"38
"
1,4,5,1,TRUE,339,"25
"
1,4,5,2,TRUE,217,"18
"
1,4,5,3,TRUE,262,"17
"
1,4,5,4,TRUE,289,"17
"
1,4,5,5,TRUE,218,"16
"
1,4,5,6,TRUE,252,"14
"
1,4,5,7,TRUE,129,"8
"
1,4,6,0,TRUE,609,"32
"
1,4,6,1,TRUE,291,"21
"
1,4,6,2,TRUE,240,"18
"
1,4,6,3,TRUE,360,"18
"
1,4,6,4,TRUE,331,"17
"
1,4,6,5,TRUE,278,"16
"
1,4,6,6,TRUE,240,"15
"
1,4,6,7,TRUE,158,"8
"
1,5,0,0,TRUE,380,"97
"
1,5,0,1,TRUE,151,"32
"
1,5,0,2,TRUE,67,"17
"
1,5,0,3,TRUE,78,"16
"
1,5,0,4,TRUE,75,"14
"
1,5,0,5,TRUE,35,"12
"
1,5,0,6,TRUE,49,"10
"
1,5,0,7,TRUE,28,"6
"
1,5,1,0,TRUE,466,"97
"
1,5,1,1,TRUE,147,"33
"
1,5,1,2,TRUE,111,"18
"
1,5,1,3,TRUE,93,"16
"
1,5,1,4,TRUE,63,"14
"
1,5,1,5,TRUE,56,"12
"
1,5,1,6,TRUE,40,"10
"
1,5,1,7,TRUE,24,"6
"
1,5,2,0,TRUE,807,"94
"
1,5,2,1,TRUE,220,"35
"
1,5,2,2,TRUE,98,"18
"
1,5,2,3,TRUE,102,"17
"
1,5,2,4,TRUE,132,"16
"
1,5,2,5,TRUE,105,"14
"
1,5,2,6,TRUE,79,"11
"
1,5,2,7,TRUE,65,"6
"
1,5,3,0,TRUE,405,"35
"
1,5,3,1,TRUE,278,"22
"
1,5,3,2,TRUE,161,"17
"
1,5,3,3,TRUE,206,"17
"
1,5,3,4,TRUE,202,"17
"
1,5,3,5,TRUE,182,"15
"
1,5,3,6,TRUE,145,"13
"
1,5,3,7,TRUE,86,"7
"
1,5,4,0,TRUE,495,"36
"
1,5,4,1,TRUE,401,"25
"
1,5,4,2,TRUE,200,"17
"
1,5,4,3,TRUE,308,"17
"
1,5,4,4,TRUE,243,"17
"
1,5,4,5,TRUE,295,"16
"
1,5,4,6,TRUE,214,"14
"
1,5,4,7,TRUE,160,"8
"
1,5,5,0,TRUE,683,"34
"
1,5,5,1,TRUE,340,"24
"
1,5,5,2,TRUE,327,"17
"
1,5,5,3,TRUE,354,"17
"
1,5,5,4,TRUE,309,"17
"
1,5,5,5,TRUE,310,"16
"
1,5,5,6,TRUE,326,"15
"
1,5,5,7,TRUE,157,"8
"
1,5,6,0,TRUE,442,"22
"
1,5,6,1,TRUE,487,"18
"
1,5,6,2,TRUE,467,"17
"
1,5,6,3,TRUE,345,"17
"
1,5,6,4,TRUE,410,"17
"
1,5,6,5,TRUE,378,"16
"
1,5,6,6,TRUE,376,"15
"
1,5,6,7,TRUE,193,"9
"
1,6,0,0,TRUE,452,"97
"
1,6,0,1,TRUE,171,"32
"
1,6,0,2,TRUE,76,"18
"
1,6,0,3,TRUE,100,"16
"
1,6,0,4,TRUE,80,"15
"
1,6,0,5,TRUE,79,"12
"
1,6,0,6,TRUE,54,"10
"
1,6,0,7,TRUE,37,"6
"
1,6,1,0,TRUE,561,"98
"
1,6,1,1,TRUE,185,"34
"
1,6,1,2,TRUE,46,"18
"
1,6,1,3,TRUE,67,"16
"
1,6,1,4,TRUE,102,"15
"
1,6,1,5,TRUE,64,"12
"
1,6,1,6,TRUE,56,"10
"
1,6,1,7,TRUE,40,"6
"
1,6,2,0,TRUE,878,"94
"
1,6,2,1,TRUE,252,"35
"
1,6,2,2,TRUE,145,"18
"
1,6,2,3,TRUE,151,"17
"
1,6,2,4,TRUE,132,"16
"
1,6,2,5,TRUE,121,"14
"
1,6,2,6,TRUE,118,"12
"
1,6,2,7,TRUE,46,"7
"
1,6,3,0,TRUE,430,"35
"
1,6,3,1,TRUE,278,"21
"
1,6,3,2,TRUE,195,"17
"
1,6,3,3,TRUE,231,"17
"
1,6,3,4,TRUE,213,"17
"
1,6,3,5,TRUE,158,"15
"
1,6,3,6,TRUE,145,"13
"
1,6,3,7,TRUE,106,"7
"
1,6,4,0,TRUE,639,"34
"
1,6,4,1,TRUE,414,"24
"
1,6,4,2,TRUE,293,"17
"
1,6,4,3,TRUE,341,"17
"
1,6,4,4,TRUE,304,"17
"
1,6,4,5,TRUE,242,"16
"
1,6,4,6,TRUE,224,"14
"
1,6,4,7,TRUE,139,"8
"
1,6,5,0,TRUE,831,"33
"
1,6,5,1,TRUE,446,"23
"
1,6,5,2,TRUE,460,"17
"
1,6,5,3,TRUE,430,"17
"
1,6,5,4,TRUE,369,"17
"
1,6,5,5,TRUE,384,"16
"
1,6,5,6,TRUE,358,"15
"
1,6,5,7,TRUE,198,"9
"
1,6,6,0,TRUE,702,"22
"
1,6,6,1,TRUE,467,"18
"
1,6,6,2,TRUE,511,"17
"
1,6,6,3,TRUE,477,"17
"
1,6,6,4,TRUE,402,"17
"
1,6,6,5,TRUE,514,"16
"
1,6,6,6,TRUE,473,"15
"
1,6,6,7,TRUE,225,"9
"
2,0,0,0,TRUE,1282,"749
"
2,0,0,1,TRUE,167,"97
"
2,0,0,2,TRUE,35,"18
"
2,0,0,3,TRUE,15,"14
"
2,0,0,4,TRUE,21,"11
"
2,0,0,5,TRUE,15,"8
"
2,0,0,6,TRUE,16,"7
"
2,0,0,7,TRUE,7,"4
"
2,0,1,0,TRUE,1272,"749
"
2,0,1,1,TRUE,113,"97
"
2,0,1,2,TRUE,18,"18
"
2,0,1,3,TRUE,14,"14
"
2,0,1,4,TRUE,13,"11
"
2,0,1,5,TRUE,8,"8
"
2,0,1,6,TRUE,6,"7
"
2,0,1,7,TRUE,6,"4
"
2,0,2,0,TRUE,1331,"749
"
2,0,2,1,TRUE,181,"97
"
2,0,2,2,TRUE,19,"18
"
2,0,2,3,TRUE,13,"14
"
2,0,2,4,TRUE,23,"11
"
2,0,2,5,TRUE,8,"8
"
2,0,2,6,TRUE,8,"7
"
2,0,2,7,TRUE,5,"4
"
2,0,3,0,TRUE,1421,"749
"
2,0,3,1,TRUE,120,"97
"
2,0,3,2,TRUE,21,"18
"
2,0,3,3,TRUE,14,"14
"
2,0,3,4,TRUE,13,"11
"
2,0,3,5,TRUE,9,"8
"
2,0,3,6,TRUE,8,"7
"
2,0,3,7,TRUE,4,"4
"
2,0,4,0,TRUE,1292,"749
"
2,0,4,1,TRUE,197,"97
"
2,0,4,2,TRUE,20,"18
"
2,0,4,3,TRUE,13,"14
"
2,0,4,4,TRUE,11,"11
"
2,0,4,5,TRUE,10,"8
"
2,0,4,6,TRUE,7,"7
"
2,0,4,7,TRUE,4,"4
"
2,0,5,0,TRUE,1369,"749
"
2,0,5,1,TRUE,109,"97
"
2,0,5,2,TRUE,17,"18
"
2,0,5,3,TRUE,16,"14
"
2,0,5,4,TRUE,11,"11
"
2,0,5,5,TRUE,9,"8
"
2,0,5,6,TRUE,7,"7
"
2,0,5,7,TRUE,4,"4
"
2,0,6,0,TRUE,1495,"749
"
2,0,6,1,TRUE,104,"97
"
2,0,6,2,TRUE,21,"18
"
2,0,6,3,TRUE,15,"14
"
2,0,6,4,TRUE,14,"11
"
2,0,6,5,TRUE,10,"8
"
2,0,6,6,TRUE,10,"7
"
2,0,6,7,TRUE,4,"4
"
2,1,0,0,TRUE,1694,"749
"
2,1,0,1,TRUE,121,"97
"
2,1,0,2,TRUE,22,"18
"
2,1,0,3,TRUE,17,"14
"
2,1,0,4,TRUE,16,"12
"
2,1,0,5,TRUE,9,"9
"
2,1,0,6,TRUE,8,"7
"
2,1,0,7,TRUE,5,"5
"
2,1,1,0,TRUE,1696,"733
"
2,1,1,1,TRUE,145,"98
"
2,1,1,2,TRUE,27,"19
"
2,1,1,3,TRUE,17,"14
"
2,1,1,4,TRUE,25,"12
"
2,1,1,5,TRUE,17,"9
"
2,1,1,6,TRUE,9,"7
"
2,1,1,7,TRUE,8,"5
"
2,1,2,0,TRUE,1690,"694
"
2,1,2,1,TRUE,159,"97
"
2,1,2,2,TRUE,31,"19
"
2,1,2,3,TRUE,22,"15
"
2,1,2,4,TRUE,19,"12
"
2,1,2,5,TRUE,14,"10
"
2,1,2,6,TRUE,16,"8
"
2,1,2,7,TRUE,14,"5
"
2,1,3,0,TRUE,1573,"694
"
2,1,3,1,TRUE,164,"97
"
2,1,3,2,TRUE,33,"19
"
2,1,3,3,TRUE,25,"15
"
2,1,3,4,TRUE,30,"13
"
2,1,3,5,TRUE,37,"10
"
2,1,3,6,TRUE,14,"8
"
2,1,3,7,TRUE,15,"5
"
2,1,4,0,TRUE,2214,"694
"
2,1,4,1,TRUE,194,"97
"
2,1,4,2,TRUE,34,"19
"
2,1,4,3,TRUE,26,"15
"
2,1,4,4,TRUE,22,"13
"
2,1,4,5,TRUE,17,"10
"
2,1,4,6,TRUE,13,"8
"
2,1,4,7,TRUE,9,"5
"
2,1,5,0,TRUE,2015,"694
"
2,1,5,1,TRUE,159,"97
"
2,1,5,2,TRUE,50,"19
"
2,1,5,3,TRUE,43,"15
"
2,1,5,4,TRUE,49,"13
"
2,1,5,5,TRUE,37,"10
"
2,1,5,6,TRUE,21,"8
"
2,1,5,7,TRUE,11,"5
"
2,1,6,0,TRUE,1933,"694
"
2,1,6,1,TRUE,179,"97
"
2,1,6,2,TRUE,42,"19
"
2,1,6,3,TRUE,33,"16
"
2,1,6,4,TRUE,23,"14
"
2,1,6,5,TRUE,29,"11
"
2,1,6,6,TRUE,19,"9
"
2,1,6,7,TRUE,8,"5
"
2,2,0,0,TRUE,1739,"749
"
2,2,0,1,TRUE,152,"97
"
2,2,0,2,TRUE,26,"18
"
2,2,0,3,TRUE,34,"15
"
2,2,0,4,TRUE,24,"12
"
2,2,0,5,TRUE,13,"10
"
2,2,0,6,TRUE,13,"8
"
2,2,0,7,TRUE,11,"5
"
2,2,1,0,TRUE,1627,"733
"
2,2,1,1,TRUE,172,"98
"
2,2,1,2,TRUE,30,"19
"
2,2,1,3,TRUE,22,"15
"
2,2,1,4,TRUE,23,"13
"
2,2,1,5,TRUE,18,"10
"
2,2,1,6,TRUE,16,"8
"
2,2,1,7,TRUE,14,"5
"
2,2,2,0,TRUE,2009,"694
"
2,2,2,1,TRUE,254,"97
"
2,2,2,2,TRUE,72,"19
"
2,2,2,3,TRUE,52,"16
"
2,2,2,4,TRUE,54,"14
"
2,2,2,5,TRUE,37,"12
"
2,2,2,6,TRUE,28,"9
"
2,2,2,7,TRUE,16,"5
"
2,2,3,0,TRUE,2528,"613
"
2,2,3,1,TRUE,288,"94
"
2,2,3,2,TRUE,62,"20
"
2,2,3,3,TRUE,67,"17
"
2,2,3,4,TRUE,72,"15
"
2,2,3,5,TRUE,55,"12
"
2,2,3,6,TRUE,41,"10
"
2,2,3,7,TRUE,25,"6
"
2,2,4,0,TRUE,2598,"603
"
2,2,4,1,TRUE,342,"93
"
2,2,4,2,TRUE,57,"21
"
2,2,4,3,TRUE,67,"18
"
2,2,4,4,TRUE,63,"16
"
2,2,4,5,TRUE,68,"13
"
2,2,4,6,TRUE,53,"10
"
2,2,4,7,TRUE,28,"6
"
2,2,5,0,TRUE,2710,"603
"
2,2,5,1,TRUE,321,"94
"
2,2,5,2,TRUE,63,"21
"
2,2,5,3,TRUE,49,"18
"
2,2,5,4,TRUE,88,"16
"
2,2,5,5,TRUE,87,"13
"
2,2,5,6,TRUE,43,"10
"
2,2,5,7,TRUE,40,"6
"
2,2,6,0,TRUE,3371,"595
"
2,2,6,1,TRUE,316,"86
"
2,2,6,2,TRUE,85,"21
"
2,2,6,3,TRUE,128,"18
"
2,2,6,4,TRUE,81,"16
"
2,2,6,5,TRUE,117,"13
"
2,2,6,6,TRUE,58,"11
"
2,2,6,7,TRUE,38,"6
"
2,3,0,0,TRUE,2079,"749
"
2,3,0,1,TRUE,207,"97
"
2,3,0,2,TRUE,37,"19
"
2,3,0,3,TRUE,33,"17
"
2,3,0,4,TRUE,27,"15
"
2,3,0,5,TRUE,20,"11
"
2,3,0,6,TRUE,19,"9
"
2,3,0,7,TRUE,7,"5
"
2,3,1,0,TRUE,2366,"733
"
2,3,1,1,TRUE,222,"98
"
2,3,1,2,TRUE,44,"20
"
2,3,1,3,TRUE,79,"17
"
2,3,1,4,TRUE,56,"15
"
2,3,1,5,TRUE,45,"12
"
2,3,1,6,TRUE,32,"9
"
2,3,1,7,TRUE,24,"5
"
2,3,2,0,TRUE,3588,"694
"
2,3,2,1,TRUE,330,"97
"
2,3,2,2,TRUE,78,"20
"
2,3,2,3,TRUE,74,"18
"
2,3,2,4,TRUE,86,"17
"
2,3,2,5,TRUE,66,"13
"
2,3,2,6,TRUE,65,"11
"
2,3,2,7,TRUE,38,"6
"
2,3,3,0,TRUE,1879,"274
"
2,3,3,1,TRUE,310,"56
"
2,3,3,2,TRUE,89,"20
"
2,3,3,3,TRUE,68,"19
"
2,3,3,4,TRUE,138,"17
"
2,3,3,5,TRUE,123,"15
"
2,3,3,6,TRUE,79,"12
"
2,3,3,7,TRUE,35,"6
"
2,3,4,0,TRUE,3942,"491
"
2,3,4,1,TRUE,565,"76
"
2,3,4,2,TRUE,127,"19
"
2,3,4,3,TRUE,153,"19
"
2,3,4,4,TRUE,175,"18
"
2,3,4,5,TRUE,156,"16
"
2,3,4,6,TRUE,114,"13
"
2,3,4,7,TRUE,52,"7
"
2,3,5,0,TRUE,1353,"123
"
2,3,5,1,TRUE,794,"60
"
2,3,5,2,TRUE,321,"19
"
2,3,5,3,TRUE,247,"18
"
2,3,5,4,TRUE,188,"18
"
2,3,5,5,TRUE,123,"16
"
2,3,5,6,TRUE,162,"14
"
2,3,5,7,TRUE,73,"7
"
2,3,6,0,TRUE,1396,"131
"
2,3,6,1,TRUE,595,"64
"
2,3,6,2,TRUE,216,"19
"
2,3,6,3,TRUE,201,"19
"
2,3,6,4,TRUE,166,"18
"
2,3,6,5,TRUE,193,"16
"
2,3,6,6,TRUE,164,"14
"
2,3,6,7,TRUE,82,"7
"
2,4,0,0,TRUE,2246,"749
"
2,4,0,1,TRUE,245,"96
"
2,4,0,2,TRUE,47,"19
"
2,4,0,3,TRUE,37,"18
"
2,4,0,4,TRUE,53,"16
"
2,4,0,5,TRUE,50,"13
"
2,4,0,6,TRUE,46,"10
"
2,4,0,7,TRUE,30,"6
"
2,4,1,0,TRUE,2252,"733
"
2,4,1,1,TRUE,216,"98
"
2,4,1,2,TRUE,43,"20
"
2,4,1,3,TRUE,39,"18
"
2,4,1,4,TRUE,40,"16
"
2,4,1,5,TRUE,29,"13
"
2,4,1,6,TRUE,19,"10
"
2,4,1,7,TRUE,22,"6
"
2,4,2,0,TRUE,3900,"694
"
2,4,2,1,TRUE,381,"97
"
2,4,2,2,TRUE,98,"19
"
2,4,2,3,TRUE,114,"18
"
2,4,2,4,TRUE,102,"17
"
2,4,2,5,TRUE,95,"15
"
2,4,2,6,TRUE,84,"12
"
2,4,2,7,TRUE,47,"6
"
2,4,3,0,TRUE,780,"94
"
2,4,3,1,TRUE,338,"37
"
2,4,3,2,TRUE,125,"19
"
2,4,3,3,TRUE,188,"18
"
2,4,3,4,TRUE,176,"18
"
2,4,3,5,TRUE,157,"16
"
2,4,3,6,TRUE,124,"13
"
2,4,3,7,TRUE,73,"7
"
2,4,4,0,TRUE,1033,"89
"
2,4,4,1,TRUE,339,"44
"
2,4,4,2,TRUE,187,"18
"
2,4,4,3,TRUE,266,"18
"
2,4,4,4,TRUE,209,"18
"
2,4,4,5,TRUE,171,"17
"
2,4,4,6,TRUE,154,"15
"
2,4,4,7,TRUE,115,"8
"
2,4,5,0,TRUE,1326,"83
"
2,4,5,1,TRUE,446,"40
"
2,4,5,2,TRUE,240,"18
"
2,4,5,3,TRUE,312,"18
"
2,4,5,4,TRUE,255,"18
"
2,4,5,5,TRUE,262,"17
"
2,4,5,6,TRUE,244,"15
"
2,4,5,7,TRUE,136,"8
"
2,4,6,0,TRUE,1446,"84
"
2,4,6,1,TRUE,490,"34
"
2,4,6,2,TRUE,280,"18
"
2,4,6,3,TRUE,301,"18
"
2,4,6,4,TRUE,302,"18
"
2,4,6,5,TRUE,245,"17
"
2,4,6,6,TRUE,250,"16
"
2,4,6,7,TRUE,182,"9
"
2,5,0,0,TRUE,2529,"749
"
2,5,0,1,TRUE,320,"96
"
2,5,0,2,TRUE,59,"19
"
2,5,0,3,TRUE,60,"18
"
2,5,0,4,TRUE,100,"17
"
2,5,0,5,TRUE,68,"14
"
2,5,0,6,TRUE,57,"11
"
2,5,0,7,TRUE,26,"6
"
2,5,1,0,TRUE,2558,"733
"
2,5,1,1,TRUE,359,"98
"
2,5,1,2,TRUE,65,"19
"
2,5,1,3,TRUE,55,"18
"
2,5,1,4,TRUE,87,"17
"
2,5,1,5,TRUE,37,"14
"
2,5,1,6,TRUE,58,"11
"
2,5,1,7,TRUE,34,"6
"
2,5,2,0,TRUE,4623,"694
"
2,5,2,1,TRUE,578,"97
"
2,5,2,2,TRUE,115,"18
"
2,5,2,3,TRUE,150,"18
"
2,5,2,4,TRUE,141,"18
"
2,5,2,5,TRUE,141,"16
"
2,5,2,6,TRUE,91,"13
"
2,5,2,7,TRUE,51,"7
"
2,5,3,0,TRUE,1134,"94
"
2,5,3,1,TRUE,332,"35
"
2,5,3,2,TRUE,153,"18
"
2,5,3,3,TRUE,183,"18
"
2,5,3,4,TRUE,203,"18
"
2,5,3,5,TRUE,208,"17
"
2,5,3,6,TRUE,159,"15
"
2,5,3,7,TRUE,71,"8
"
2,5,4,0,TRUE,1269,"89
"
2,5,4,1,TRUE,414,"37
"
2,5,4,2,TRUE,230,"17
"
2,5,4,3,TRUE,288,"17
"
2,5,4,4,TRUE,255,"18
"
2,5,4,5,TRUE,307,"17
"
2,5,4,6,TRUE,241,"16
"
2,5,4,7,TRUE,77,"8
"
2,5,5,0,TRUE,1591,"85
"
2,5,5,1,TRUE,628,"35
"
2,5,5,2,TRUE,367,"17
"
2,5,5,3,TRUE,327,"17
"
2,5,5,4,TRUE,396,"18
"
2,5,5,5,TRUE,337,"17
"
2,5,5,6,TRUE,256,"16
"
2,5,5,7,TRUE,152,"9
"
2,5,6,0,TRUE,593,"26
"
2,5,6,1,TRUE,541,"22
"
2,5,6,2,TRUE,357,"17
"
2,5,6,3,TRUE,316,"17
"
2,5,6,4,TRUE,439,"17
"
2,5,6,5,TRUE,359,"17
"
2,5,6,6,TRUE,416,"17
"
2,5,6,7,TRUE,228,"9
"
2,6,0,0,TRUE,3531,"749
"
2,6,0,1,TRUE,396,"97
"
2,6,0,2,TRUE,50,"19
"
2,6,0,3,TRUE,72,"18
"
2,6,0,4,TRUE,94,"17
"
2,6,0,5,TRUE,83,"15
"
2,6,0,6,TRUE,64,"12
"
2,6,0,7,TRUE,31,"6
"
2,6,1,0,TRUE,3535,"733
"
2,6,1,1,TRUE,399,"98
"
2,6,1,2,TRUE,75,"19
"
2,6,1,3,TRUE,74,"18
"
2,6,1,4,TRUE,107,"17
"
2,6,1,5,TRUE,86,"15
"
2,6,1,6,TRUE,46,"12
"
2,6,1,7,TRUE,27,"6
"
2,6,2,0,TRUE,4573,"694
"
2,6,2,1,TRUE,744,"97
"
2,6,2,2,TRUE,167,"18
"
2,6,2,3,TRUE,157,"18
"
2,6,2,4,TRUE,146,"18
"
2,6,2,5,TRUE,111,"16
"
2,6,2,6,TRUE,108,"14
"
2,6,2,7,TRUE,47,"7
"
2,6,3,0,TRUE,1289,"94
"
2,6,3,1,TRUE,368,"34
"
2,6,3,2,TRUE,184,"17
"
2,6,3,3,TRUE,206,"17
"
2,6,3,4,TRUE,239,"18
"
2,6,3,5,TRUE,193,"17
"
2,6,3,6,TRUE,250,"15
"
2,6,3,7,TRUE,114,"8
"
2,6,4,0,TRUE,1585,"89
"
2,6,4,1,TRUE,424,"35
"
2,6,4,2,TRUE,299,"16
"
2,6,4,3,TRUE,417,"17
"
2,6,4,4,TRUE,294,"17
"
2,6,4,5,TRUE,579,"17
"
2,6,4,6,TRUE,360,"16
"
2,6,4,7,TRUE,136,"9
"
2,6,5,0,TRUE,1977,"84
"
2,6,5,1,TRUE,736,"35
"
2,6,5,2,TRUE,299,"16
"
2,6,5,3,TRUE,342,"17
"
2,6,5,4,TRUE,452,"17
"
2,6,5,5,TRUE,342,"17
"
2,6,5,6,TRUE,331,"17
"
2,6,5,7,TRUE,227,"9
"
2,6,6,0,TRUE,624,"23
"
2,6,6,1,TRUE,566,"22
"
2,6,6,2,TRUE,510,"16
"
2,6,6,3,TRUE,435,"17
"
2,6,6,4,TRUE,506,"17
"
2,6,6,5,TRUE,470,"17
"
2,6,6,6,TRUE,540,"17
"
2,6,6,7,TRUE,282,"10
"
3,0,0,0,FALSE,6592,"5001
"
3,0,0,1,TRUE,288,"272
"
3,0,0,2,TRUE,26,"22
"
3,0,0,3,TRUE,22,"17
"
3,0,0,4,TRUE,30,"14
"
3,0,0,5,TRUE,11,"10
"
3,0,0,6,TRUE,9,"8
"
3,0,0,7,TRUE,7,"5
"
3,0,1,0,FALSE,5963,"5001
"
3,0,1,1,TRUE,302,"272
"
3,0,1,2,TRUE,23,"22
"
3,0,1,3,TRUE,16,"17
"
3,0,1,4,TRUE,16,"14
"
3,0,1,5,TRUE,10,"10
"
3,0,1,6,TRUE,8,"8
"
3,0,1,7,TRUE,5,"5
"
3,0,2,0,FALSE,6408,"5001
"
3,0,2,1,TRUE,275,"272
"
3,0,2,2,TRUE,21,"22
"
3,0,2,3,TRUE,17,"17
"
3,0,2,4,TRUE,24,"14
"
3,0,2,5,TRUE,13,"10
"
3,0,2,6,TRUE,12,"8
"
3,0,2,7,TRUE,5,"5
"
3,0,3,0,FALSE,6195,"5001
"
3,0,3,1,TRUE,271,"272
"
3,0,3,2,TRUE,23,"22
"
3,0,3,3,TRUE,19,"17
"
3,0,3,4,TRUE,15,"14
"
3,0,3,5,TRUE,10,"10
"
3,0,3,6,TRUE,9,"8
"
3,0,3,7,TRUE,5,"5
"
3,0,4,0,FALSE,6193,"5001
"
3,0,4,1,TRUE,272,"272
"
3,0,4,2,TRUE,23,"22
"
3,0,4,3,TRUE,19,"17
"
3,0,4,4,TRUE,13,"14
"
3,0,4,5,TRUE,18,"10
"
3,0,4,6,TRUE,8,"8
"
3,0,4,7,TRUE,8,"5
"
3,0,5,0,FALSE,6081,"5001
"
3,0,5,1,TRUE,276,"272
"
3,0,5,2,TRUE,30,"22
"
3,0,5,3,TRUE,16,"17
"
3,0,5,4,TRUE,13,"14
"
3,0,5,5,TRUE,11,"10
"
3,0,5,6,TRUE,8,"8
"
3,0,5,7,TRUE,4,"5
"
3,0,6,0,FALSE,5686,"5001
"
3,0,6,1,TRUE,295,"272
"
3,0,6,2,TRUE,21,"22
"
3,0,6,3,TRUE,17,"17
"
3,0,6,4,TRUE,15,"14
"
3,0,6,5,TRUE,20,"10
"
3,0,6,6,TRUE,17,"8
"
3,0,6,7,TRUE,9,"5
"
3,1,0,0,FALSE,7445,"5001
"
3,1,0,1,TRUE,346,"272
"
3,1,0,2,TRUE,30,"23
"
3,1,0,3,TRUE,22,"17
"
3,1,0,4,TRUE,16,"14
"
3,1,0,5,TRUE,36,"11
"
3,1,0,6,TRUE,15,"8
"
3,1,0,7,TRUE,7,"5
"
3,1,1,0,FALSE,7980,"5001
"
3,1,1,1,TRUE,371,"272
"
3,1,1,2,TRUE,31,"23
"
3,1,1,3,TRUE,20,"17
"
3,1,1,4,TRUE,27,"15
"
3,1,1,5,TRUE,21,"11
"
3,1,1,6,TRUE,23,"8
"
3,1,1,7,TRUE,13,"5
"
3,1,2,0,FALSE,8148,"5001
"
3,1,2,1,TRUE,395,"268
"
3,1,2,2,TRUE,30,"23
"
3,1,2,3,TRUE,45,"18
"
3,1,2,4,TRUE,41,"15
"
3,1,2,5,TRUE,38,"11
"
3,1,2,6,TRUE,28,"9
"
3,1,2,7,TRUE,21,"5
"
3,1,3,0,FALSE,9133,"5001
"
3,1,3,1,TRUE,425,"268
"
3,1,3,2,TRUE,36,"23
"
3,1,3,3,TRUE,32,"18
"
3,1,3,4,TRUE,47,"15
"
3,1,3,5,TRUE,28,"11
"
3,1,3,6,TRUE,39,"9
"
3,1,3,7,TRUE,15,"5
"
3,1,4,0,FALSE,8664,"5001
"
3,1,4,1,TRUE,522,"268
"
3,1,4,2,TRUE,39,"23
"
3,1,4,3,TRUE,46,"18
"
3,1,4,4,TRUE,53,"15
"
3,1,4,5,TRUE,20,"11
"
3,1,4,6,TRUE,30,"9
"
3,1,4,7,TRUE,19,"5
"
3,1,5,0,FALSE,9676,"5001
"
3,1,5,1,TRUE,445,"268
"
3,1,5,2,TRUE,48,"23
"
3,1,5,3,TRUE,33,"18
"
3,1,5,4,TRUE,62,"15
"
3,1,5,5,TRUE,34,"12
"
3,1,5,6,TRUE,40,"9
"
3,1,5,7,TRUE,17,"5
"
3,1,6,0,FALSE,9384,"5001
"
3,1,6,1,TRUE,465,"268
"
3,1,6,2,TRUE,41,"23
"
3,1,6,3,TRUE,30,"18
"
3,1,6,4,TRUE,52,"16
"
3,1,6,5,TRUE,36,"12
"
3,1,6,6,TRUE,38,"9
"
3,1,6,7,TRUE,11,"5
"
3,2,0,0,FALSE,7214,"5001
"
3,2,0,1,TRUE,460,"272
"
3,2,0,2,TRUE,33,"23
"
3,2,0,3,TRUE,23,"17
"
3,2,0,4,TRUE,25,"15
"
3,2,0,5,TRUE,34,"11
"
3,2,0,6,TRUE,22,"9
"
3,2,0,7,TRUE,12,"5
"
3,2,1,0,FALSE,9453,"5001
"
3,2,1,1,TRUE,428,"272
"
3,2,1,2,TRUE,40,"23
"
3,2,1,3,TRUE,21,"17
"
3,2,1,4,TRUE,34,"15
"
3,2,1,5,TRUE,31,"11
"
3,2,1,6,TRUE,24,"9
"
3,2,1,7,TRUE,12,"5
"
3,2,2,0,FALSE,12194,"5001
"
3,2,2,1,TRUE,632,"268
"
3,2,2,2,TRUE,47,"23
"
3,2,2,3,TRUE,81,"19
"
3,2,2,4,TRUE,70,"16
"
3,2,2,5,TRUE,50,"13
"
3,2,2,6,TRUE,39,"10
"
3,2,2,7,TRUE,17,"6
"
3,2,3,0,TRUE,15492,"4518
"
3,2,3,1,TRUE,736,"256
"
3,2,3,2,TRUE,94,"23
"
3,2,3,3,TRUE,95,"19
"
3,2,3,4,TRUE,83,"17
"
3,2,3,5,TRUE,57,"14
"
3,2,3,6,TRUE,54,"11
"
3,2,3,7,TRUE,25,"6
"
3,2,4,0,TRUE,16874,"4446
"
3,2,4,1,TRUE,882,"254
"
3,2,4,2,TRUE,72,"23
"
3,2,4,3,TRUE,85,"20
"
3,2,4,4,TRUE,95,"17
"
3,2,4,5,TRUE,77,"14
"
3,2,4,6,TRUE,65,"11
"
3,2,4,7,TRUE,27,"6
"
3,2,5,0,TRUE,12693,"4446
"
3,2,5,1,TRUE,1056,"255
"
3,2,5,2,TRUE,96,"23
"
3,2,5,3,TRUE,113,"20
"
3,2,5,4,TRUE,55,"18
"
3,2,5,5,TRUE,76,"14
"
3,2,5,6,TRUE,62,"11
"
3,2,5,7,TRUE,26,"6
"
3,2,6,0,TRUE,18279,"4389
"
3,2,6,1,TRUE,836,"234
"
3,2,6,2,TRUE,126,"22
"
3,2,6,3,TRUE,103,"20
"
3,2,6,4,TRUE,126,"18
"
3,2,6,5,TRUE,114,"15
"
3,2,6,6,TRUE,73,"12
"
3,2,6,7,TRUE,27,"6
"
3,3,0,0,FALSE,10591,"5001
"
3,3,0,1,TRUE,481,"272
"
3,3,0,2,TRUE,34,"22
"
3,3,0,3,TRUE,40,"19
"
3,3,0,4,TRUE,74,"17
"
3,3,0,5,TRUE,51,"13
"
3,3,0,6,TRUE,32,"10
"
3,3,0,7,TRUE,11,"6
"
3,3,1,0,FALSE,10119,"5001
"
3,3,1,1,TRUE,571,"272
"
3,3,1,2,TRUE,54,"23
"
3,3,1,3,TRUE,78,"19
"
3,3,1,4,TRUE,66,"17
"
3,3,1,5,TRUE,39,"13
"
3,3,1,6,TRUE,30,"10
"
3,3,1,7,TRUE,22,"6
"
3,3,2,0,FALSE,17720,"5001
"
3,3,2,1,TRUE,857,"268
"
3,3,2,2,TRUE,57,"21
"
3,3,2,3,TRUE,72,"19
"
3,3,2,4,TRUE,100,"18
"
3,3,2,5,TRUE,54,"15
"
3,3,2,6,TRUE,51,"12
"
3,3,2,7,TRUE,24,"6
"
3,3,3,0,TRUE,6830,"1109
"
3,3,3,1,TRUE,685,"128
"
3,3,3,2,TRUE,127,"21
"
3,3,3,3,TRUE,134,"20
"
3,3,3,4,TRUE,164,"19
"
3,3,3,5,TRUE,121,"16
"
3,3,3,6,TRUE,99,"13
"
3,3,3,7,TRUE,41,"7
"
3,3,4,0,TRUE,18716,"3184
"
3,3,4,1,TRUE,1480,"196
"
3,3,4,2,TRUE,183,"20
"
3,3,4,3,TRUE,151,"19
"
3,3,4,4,TRUE,189,"19
"
3,3,4,5,TRUE,144,"17
"
3,3,4,6,TRUE,132,"14
"
3,3,4,7,TRUE,75,"7
"
3,3,5,0,TRUE,1898,"237
"
3,3,5,1,TRUE,856,"98
"
3,3,5,2,TRUE,140,"20
"
3,3,5,3,TRUE,214,"19
"
3,3,5,4,TRUE,211,"19
"
3,3,5,5,TRUE,142,"17
"
3,3,5,6,TRUE,160,"15
"
3,3,5,7,TRUE,52,"7
"
3,3,6,0,TRUE,2395,"223
"
3,3,6,1,TRUE,902,"105
"
3,3,6,2,TRUE,197,"20
"
3,3,6,3,TRUE,218,"19
"
3,3,6,4,TRUE,187,"19
"
3,3,6,5,TRUE,203,"17
"
3,3,6,6,TRUE,176,"15
"
3,3,6,7,TRUE,101,"8
"
3,4,0,0,FALSE,13858,"5001
"
3,4,0,1,TRUE,585,"272
"
3,4,0,2,TRUE,58,"22
"
3,4,0,3,TRUE,97,"19
"
3,4,0,4,TRUE,54,"18
"
3,4,0,5,TRUE,43,"14
"
3,4,0,6,TRUE,47,"11
"
3,4,0,7,TRUE,27,"6
"
3,4,1,0,FALSE,14105,"5001
"
3,4,1,1,TRUE,654,"272
"
3,4,1,2,TRUE,82,"22
"
3,4,1,3,TRUE,78,"19
"
3,4,1,4,TRUE,69,"18
"
3,4,1,5,TRUE,54,"15
"
3,4,1,6,TRUE,43,"12
"
3,4,1,7,TRUE,27,"6
"
3,4,2,0,FALSE,23584,"5001
"
3,4,2,1,TRUE,1357,"268
"
3,4,2,2,TRUE,132,"20
"
3,4,2,3,TRUE,120,"19
"
3,4,2,4,TRUE,100,"19
"
3,4,2,5,TRUE,135,"16
"
3,4,2,6,TRUE,90,"13
"
3,4,2,7,TRUE,48,"7
"
3,4,3,0,TRUE,2242,"255
"
3,4,3,1,TRUE,426,"58
"
3,4,3,2,TRUE,119,"20
"
3,4,3,3,TRUE,212,"19
"
3,4,3,4,TRUE,209,"19
"
3,4,3,5,TRUE,180,"17
"
3,4,3,6,TRUE,126,"15
"
3,4,3,7,TRUE,40,"7
"
3,4,4,0,TRUE,2775,"239
"
3,4,4,1,TRUE,574,"58
"
3,4,4,2,TRUE,161,"18
"
3,4,4,3,TRUE,232,"18
"
3,4,4,4,TRUE,231,"18
"
3,4,4,5,TRUE,205,"18
"
3,4,4,6,TRUE,186,"16
"
3,4,4,7,TRUE,89,"8
"
3,4,5,0,TRUE,3162,"223
"
3,4,5,1,TRUE,737,"57
"
3,4,5,2,TRUE,277,"18
"
3,4,5,3,TRUE,260,"18
"
3,4,5,4,TRUE,242,"18
"
3,4,5,5,TRUE,214,"18
"
3,4,5,6,TRUE,247,"16
"
3,4,5,7,TRUE,141,"9
"
3,4,6,0,TRUE,3260,"226
"
3,4,6,1,TRUE,639,"56
"
3,4,6,2,TRUE,325,"17
"
3,4,6,3,TRUE,295,"18
"
3,4,6,4,TRUE,331,"18
"
3,4,6,5,TRUE,287,"18
"
3,4,6,6,TRUE,266,"17
"
3,4,6,7,TRUE,179,"9
"
3,5,0,0,FALSE,14051,"5001
"
3,5,0,1,TRUE,950,"272
"
3,5,0,2,TRUE,61,"22
"
3,5,0,3,TRUE,74,"19
"
3,5,0,4,TRUE,104,"18
"
3,5,0,5,TRUE,73,"16
"
3,5,0,6,TRUE,74,"13
"
3,5,0,7,TRUE,29,"6
"
3,5,1,0,FALSE,13105,"5001
"
3,5,1,1,TRUE,1024,"272
"
3,5,1,2,TRUE,78,"22
"
3,5,1,3,TRUE,87,"19
"
3,5,1,4,TRUE,103,"18
"
3,5,1,5,TRUE,79,"16
"
3,5,1,6,TRUE,68,"13
"
3,5,1,7,TRUE,19,"6
"
3,5,2,0,FALSE,27076,"5001
"
3,5,2,1,TRUE,1368,"268
"
3,5,2,2,TRUE,135,"20
"
3,5,2,3,TRUE,142,"19
"
3,5,2,4,TRUE,138,"19
"
3,5,2,5,TRUE,134,"17
"
3,5,2,6,TRUE,125,"15
"
3,5,2,7,TRUE,45,"7
"
3,5,3,0,TRUE,2613,"255
"
3,5,3,1,TRUE,444,"58
"
3,5,3,2,TRUE,143,"19
"
3,5,3,3,TRUE,171,"18
"
3,5,3,4,TRUE,220,"18
"
3,5,3,5,TRUE,237,"18
"
3,5,3,6,TRUE,163,"16
"
3,5,3,7,TRUE,83,"8
"
3,5,4,0,TRUE,3404,"239
"
3,5,4,1,TRUE,711,"58
"
3,5,4,2,TRUE,232,"17
"
3,5,4,3,TRUE,293,"17
"
3,5,4,4,TRUE,221,"18
"
3,5,4,5,TRUE,248,"18
"
3,5,4,6,TRUE,234,"17
"
3,5,4,7,TRUE,169,"9
"
3,5,5,0,TRUE,3671,"229
"
3,5,5,1,TRUE,983,"57
"
3,5,5,2,TRUE,325,"18
"
3,5,5,3,TRUE,350,"17
"
3,5,5,4,TRUE,341,"17
"
3,5,5,5,TRUE,279,"18
"
3,5,5,6,TRUE,288,"17
"
3,5,5,7,TRUE,180,"9
"
3,5,6,0,TRUE,534,"27
"
3,5,6,1,TRUE,533,"24
"
3,5,6,2,TRUE,414,"17
"
3,5,6,3,TRUE,451,"17
"
3,5,6,4,TRUE,404,"17
"
3,5,6,5,TRUE,408,"18
"
3,5,6,6,TRUE,421,"17
"
3,5,6,7,TRUE,214,"10
"
3,6,0,0,FALSE,21064,"5001
"
3,6,0,1,TRUE,1069,"272
"
3,6,0,2,TRUE,88,"21
"
3,6,0,3,TRUE,113,"19
"
3,6,0,4,TRUE,98,"18
"
3,6,0,5,TRUE,66,"16
"
3,6,0,6,TRUE,69,"13
"
3,6,0,7,TRUE,35,"7
"
3,6,1,0,FALSE,22639,"5001
"
3,6,1,1,TRUE,1181,"272
"
3,6,1,2,TRUE,103,"22
"
3,6,1,3,TRUE,112,"19
"
3,6,1,4,TRUE,95,"18
"
3,6,1,5,TRUE,107,"16
"
3,6,1,6,TRUE,66,"13
"
3,6,1,7,TRUE,38,"7
"
3,6,2,0,FALSE,36518,"5001
"
3,6,2,1,TRUE,1586,"268
"
3,6,2,2,TRUE,139,"20
"
3,6,2,3,TRUE,153,"18
"
3,6,2,4,TRUE,161,"18
"
3,6,2,5,TRUE,166,"18
"
3,6,2,6,TRUE,125,"15
"
3,6,2,7,TRUE,63,"8
"
3,6,3,0,TRUE,2586,"255
"
3,6,3,1,TRUE,664,"58
"
3,6,3,2,TRUE,256,"18
"
3,6,3,3,TRUE,216,"17
"
3,6,3,4,TRUE,208,"17
"
3,6,3,5,TRUE,239,"18
"
3,6,3,6,TRUE,187,"17
"
3,6,3,7,TRUE,147,"9
"
3,6,4,0,TRUE,3409,"239
"
3,6,4,1,TRUE,939,"58
"
3,6,4,2,TRUE,279,"17
"
3,6,4,3,TRUE,300,"16
"
3,6,4,4,TRUE,312,"17
"
3,6,4,5,TRUE,342,"18
"
3,6,4,6,TRUE,309,"17
"
3,6,4,7,TRUE,118,"9
"
3,6,5,0,TRUE,4957,"225
"
3,6,5,1,TRUE,1123,"57
"
3,6,5,2,TRUE,462,"17
"
3,6,5,3,TRUE,393,"16
"
3,6,5,4,TRUE,356,"17
"
3,6,5,5,TRUE,432,"17
"
3,6,5,6,TRUE,376,"17
"
3,6,5,7,TRUE,246,"10
"
3,6,6,0,TRUE,618,"23
"
3,6,6,1,TRUE,627,"23
"
3,6,6,2,TRUE,475,"16
"
3,6,6,3,TRUE,443,"16
"
3,6,6,4,TRUE,565,"17
"
3,6,6,5,TRUE,491,"17
"
3,6,6,6,TRUE,434,"17
"
3,6,6,7,TRUE,352,"11
"
4,0,0,0,FALSE,5615,"5001
"
4,0,0,1,TRUE,884,"749
"
4,0,0,2,TRUE,25,"25
"
4,0,0,3,TRUE,22,"20
"
4,0,0,4,TRUE,23,"16
"
4,0,0,5,TRUE,26,"11
"
4,0,0,6,TRUE,15,"8
"
4,0,0,7,TRUE,10,"5
"
4,0,1,0,FALSE,6294,"5001
"
4,0,1,1,TRUE,796,"749
"
4,0,1,2,TRUE,33,"25
"
4,0,1,3,TRUE,37,"20
"
4,0,1,4,TRUE,29,"16
"
4,0,1,5,TRUE,22,"11
"
4,0,1,6,TRUE,18,"8
"
4,0,1,7,TRUE,7,"5
"
4,0,2,0,FALSE,6259,"5001
"
4,0,2,1,TRUE,771,"749
"
4,0,2,2,TRUE,32,"25
"
4,0,2,3,TRUE,34,"20
"
4,0,2,4,TRUE,34,"16
"
4,0,2,5,TRUE,19,"11
"
4,0,2,6,TRUE,16,"8
"
4,0,2,7,TRUE,10,"5
"
4,0,3,0,FALSE,5632,"5001
"
4,0,3,1,TRUE,807,"749
"
4,0,3,2,TRUE,30,"25
"
4,0,3,3,TRUE,38,"20
"
4,0,3,4,TRUE,36,"16
"
4,0,3,5,TRUE,18,"11
"
4,0,3,6,TRUE,15,"8
"
4,0,3,7,TRUE,8,"5
"
4,0,4,0,FALSE,5738,"5001
"
4,0,4,1,TRUE,790,"749
"
4,0,4,2,TRUE,28,"25
"
4,0,4,3,TRUE,36,"20
"
4,0,4,4,TRUE,28,"16
"
4,0,4,5,TRUE,24,"11
"
4,0,4,6,TRUE,17,"8
"
4,0,4,7,TRUE,10,"5
"
4,0,5,0,FALSE,5569,"5001
"
4,0,5,1,TRUE,754,"749
"
4,0,5,2,TRUE,32,"25
"
4,0,5,3,TRUE,41,"20
"
4,0,5,4,TRUE,21,"16
"
4,0,5,5,TRUE,19,"11
"
4,0,5,6,TRUE,10,"8
"
4,0,5,7,TRUE,8,"5
"
4,0,6,0,FALSE,6014,"5001
"
4,0,6,1,TRUE,784,"749
"
4,0,6,2,TRUE,28,"25
"
4,0,6,3,TRUE,38,"20
"
4,0,6,4,TRUE,33,"16
"
4,0,6,5,TRUE,15,"11
"
4,0,6,6,TRUE,15,"8
"
4,0,6,7,TRUE,13,"5
"
4,1,0,0,FALSE,6865,"5001
"
4,1,0,1,TRUE,901,"749
"
4,1,0,2,TRUE,31,"26
"
4,1,0,3,TRUE,23,"20
"
4,1,0,4,TRUE,26,"16
"
4,1,0,5,TRUE,29,"12
"
4,1,0,6,TRUE,13,"9
"
4,1,0,7,TRUE,15,"5
"
4,1,1,0,FALSE,7350,"5001
"
4,1,1,1,TRUE,1006,"745
"
4,1,1,2,TRUE,33,"26
"
4,1,1,3,TRUE,26,"20
"
4,1,1,4,TRUE,44,"17
"
4,1,1,5,TRUE,29,"12
"
4,1,1,6,TRUE,27,"9
"
4,1,1,7,TRUE,9,"5
"
4,1,2,0,FALSE,7816,"5001
"
4,1,2,1,TRUE,1087,"733
"
4,1,2,2,TRUE,40,"26
"
4,1,2,3,TRUE,37,"20
"
4,1,2,4,TRUE,40,"17
"
4,1,2,5,TRUE,31,"12
"
4,1,2,6,TRUE,32,"10
"
4,1,2,7,TRUE,17,"5
"
4,1,3,0,FALSE,8324,"5001
"
4,1,3,1,TRUE,1086,"733
"
4,1,3,2,TRUE,47,"26
"
4,1,3,3,TRUE,38,"20
"
4,1,3,4,TRUE,62,"17
"
4,1,3,5,TRUE,40,"13
"
4,1,3,6,TRUE,26,"10
"
4,1,3,7,TRUE,14,"5
"
4,1,4,0,FALSE,9179,"5001
"
4,1,4,1,TRUE,1285,"733
"
4,1,4,2,TRUE,64,"26
"
4,1,4,3,TRUE,57,"20
"
4,1,4,4,TRUE,50,"17
"
4,1,4,5,TRUE,40,"13
"
4,1,4,6,TRUE,35,"10
"
4,1,4,7,TRUE,11,"5
"
4,1,5,0,FALSE,10214,"5001
"
4,1,5,1,TRUE,1336,"733
"
4,1,5,2,TRUE,82,"26
"
4,1,5,3,TRUE,70,"20
"
4,1,5,4,TRUE,74,"17
"
4,1,5,5,TRUE,26,"13
"
4,1,5,6,TRUE,33,"10
"
4,1,5,7,TRUE,11,"5
"
4,1,6,0,FALSE,10589,"5001
"
4,1,6,1,TRUE,1485,"733
"
4,1,6,2,TRUE,72,"26
"
4,1,6,3,TRUE,61,"20
"
4,1,6,4,TRUE,46,"18
"
4,1,6,5,TRUE,48,"13
"
4,1,6,6,TRUE,38,"10
"
4,1,6,7,TRUE,18,"6
"
4,2,0,0,FALSE,8020,"5001
"
4,2,0,1,TRUE,1088,"749
"
4,2,0,2,TRUE,34,"26
"
4,2,0,3,TRUE,37,"20
"
4,2,0,4,TRUE,51,"16
"
4,2,0,5,TRUE,26,"12
"
4,2,0,6,TRUE,25,"10
"
4,2,0,7,TRUE,8,"5
"
4,2,1,0,FALSE,9166,"5001
"
4,2,1,1,TRUE,1248,"745
"
4,2,1,2,TRUE,44,"26
"
4,2,1,3,TRUE,59,"20
"
4,2,1,4,TRUE,59,"17
"
4,2,1,5,TRUE,34,"13
"
4,2,1,6,TRUE,28,"10
"
4,2,1,7,TRUE,10,"5
"
4,2,2,0,FALSE,11384,"5001
"
4,2,2,1,TRUE,2151,"733
"
4,2,2,2,TRUE,117,"27
"
4,2,2,3,TRUE,44,"21
"
4,2,2,4,TRUE,36,"18
"
4,2,2,5,TRUE,26,"14
"
4,2,2,6,TRUE,43,"11
"
4,2,2,7,TRUE,28,"6
"
4,2,3,0,FALSE,15878,"5001
"
4,2,3,1,TRUE,2205,"696
"
4,2,3,2,TRUE,110,"26
"
4,2,3,3,TRUE,64,"21
"
4,2,3,4,TRUE,58,"19
"
4,2,3,5,TRUE,49,"15
"
4,2,3,6,TRUE,58,"12
"
4,2,3,7,TRUE,17,"6
"
4,2,4,0,FALSE,14865,"5001
"
4,2,4,1,TRUE,2119,"693
"
4,2,4,2,TRUE,140,"26
"
4,2,4,3,TRUE,68,"21
"
4,2,4,4,TRUE,59,"19
"
4,2,4,5,TRUE,58,"15
"
4,2,4,6,TRUE,54,"12
"
4,2,4,7,TRUE,30,"6
"
4,2,5,0,FALSE,15124,"5001
"
4,2,5,1,TRUE,3207,"694
"
4,2,5,2,TRUE,116,"26
"
4,2,5,3,TRUE,75,"21
"
4,2,5,4,TRUE,61,"19
"
4,2,5,5,TRUE,43,"15
"
4,2,5,6,TRUE,45,"12
"
4,2,5,7,TRUE,28,"6
"
4,2,6,0,FALSE,18780,"5001
"
4,2,6,1,TRUE,3104,"637
"
4,2,6,2,TRUE,102,"26
"
4,2,6,3,TRUE,63,"21
"
4,2,6,4,TRUE,76,"19
"
4,2,6,5,TRUE,59,"16
"
4,2,6,6,TRUE,40,"12
"
4,2,6,7,TRUE,25,"6
"
4,3,0,0,FALSE,10880,"5001
"
4,3,0,1,TRUE,1287,"749
"
4,3,0,2,TRUE,110,"26
"
4,3,0,3,TRUE,82,"21
"
4,3,0,4,TRUE,53,"18
"
4,3,0,5,TRUE,37,"14
"
4,3,0,6,TRUE,41,"11
"
4,3,0,7,TRUE,21,"6
"
4,3,1,0,FALSE,10378,"5001
"
4,3,1,1,TRUE,1354,"745
"
4,3,1,2,TRUE,108,"26
"
4,3,1,3,TRUE,70,"21
"
4,3,1,4,TRUE,64,"18
"
4,3,1,5,TRUE,48,"14
"
4,3,1,6,TRUE,45,"11
"
4,3,1,7,TRUE,29,"6
"
4,3,2,0,FALSE,13751,"5001
"
4,3,2,1,TRUE,3378,"733
"
4,3,2,2,TRUE,95,"25
"
4,3,2,3,TRUE,78,"21
"
4,3,2,4,TRUE,71,"19
"
4,3,2,5,TRUE,68,"16
"
4,3,2,6,TRUE,48,"13
"
4,3,2,7,TRUE,27,"7
"
4,3,3,0,TRUE,14396,"3659
"
4,3,3,1,TRUE,1711,"275
"
4,3,3,2,TRUE,158,"24
"
4,3,3,3,TRUE,148,"20
"
4,3,3,4,TRUE,145,"19
"
4,3,3,5,TRUE,108,"17
"
4,3,3,6,TRUE,120,"14
"
4,3,3,7,TRUE,51,"7
"
4,3,4,0,FALSE,32837,"5001
"
4,3,4,1,TRUE,3904,"486
"
4,3,4,2,TRUE,162,"23
"
4,3,4,3,TRUE,115,"20
"
4,3,4,4,TRUE,136,"19
"
4,3,4,5,TRUE,158,"18
"
4,3,4,6,TRUE,141,"15
"
4,3,4,7,TRUE,59,"7
"
4,3,5,0,TRUE,5965,"643
"
4,3,5,1,TRUE,1035,"125
"
4,3,5,2,TRUE,227,"23
"
4,3,5,3,TRUE,222,"20
"
4,3,5,4,TRUE,173,"19
"
4,3,5,5,TRUE,198,"18
"
4,3,5,6,TRUE,144,"15
"
4,3,5,7,TRUE,108,"8
"
4,3,6,0,TRUE,5873,"603
"
4,3,6,1,TRUE,1093,"133
"
4,3,6,2,TRUE,191,"23
"
4,3,6,3,TRUE,236,"20
"
4,3,6,4,TRUE,227,"19
"
4,3,6,5,TRUE,186,"18
"
4,3,6,6,TRUE,148,"16
"
4,3,6,7,TRUE,103,"8
"
4,4,0,0,FALSE,14129,"5001
"
4,4,0,1,TRUE,2294,"749
"
4,4,0,2,TRUE,90,"25
"
4,4,0,3,TRUE,47,"20
"
4,4,0,4,TRUE,43,"19
"
4,4,0,5,TRUE,37,"16
"
4,4,0,6,TRUE,55,"12
"
4,4,0,7,TRUE,30,"6
"
4,4,1,0,FALSE,15045,"5001
"
4,4,1,1,TRUE,2027,"745
"
4,4,1,2,TRUE,102,"26
"
4,4,1,3,TRUE,52,"20
"
4,4,1,4,TRUE,42,"19
"
4,4,1,5,TRUE,49,"16
"
4,4,1,6,TRUE,61,"13
"
4,4,1,7,TRUE,15,"6
"
4,4,2,0,FALSE,27551,"5001
"
4,4,2,1,TRUE,4167,"733
"
4,4,2,2,TRUE,115,"26
"
4,4,2,3,TRUE,91,"20
"
4,4,2,4,TRUE,101,"19
"
4,4,2,5,TRUE,92,"17
"
4,4,2,6,TRUE,93,"14
"
4,4,2,7,TRUE,43,"7
"
4,4,3,0,TRUE,5117,"694
"
4,4,3,1,TRUE,659,"97
"
4,4,3,2,TRUE,206,"23
"
4,4,3,3,TRUE,190,"19
"
4,4,3,4,TRUE,179,"19
"
4,4,3,5,TRUE,152,"18
"
4,4,3,6,TRUE,129,"16
"
4,4,3,7,TRUE,84,"8
"
4,4,4,0,TRUE,6971,"647
"
4,4,4,1,TRUE,903,"96
"
4,4,4,2,TRUE,168,"21
"
4,4,4,3,TRUE,236,"18
"
4,4,4,4,TRUE,234,"19
"
4,4,4,5,TRUE,224,"18
"
4,4,4,6,TRUE,200,"17
"
4,4,4,7,TRUE,106,"8
"
4,4,5,0,TRUE,7223,"603
"
4,4,5,1,TRUE,1082,"94
"
4,4,5,2,TRUE,330,"22
"
4,4,5,3,TRUE,271,"18
"
4,4,5,4,TRUE,263,"18
"
4,4,5,5,TRUE,196,"18
"
4,4,5,6,TRUE,269,"17
"
4,4,5,7,TRUE,150,"9
"
4,4,6,0,TRUE,7827,"611
"
4,4,6,1,TRUE,1466,"93
"
4,4,6,2,TRUE,280,"18
"
4,4,6,3,TRUE,357,"18
"
4,4,6,4,TRUE,345,"18
"
4,4,6,5,TRUE,252,"18
"
4,4,6,6,TRUE,272,"18
"
4,4,6,7,TRUE,127,"9
"
4,5,0,0,FALSE,18478,"5001
"
4,5,0,1,TRUE,2547,"749
"
4,5,0,2,TRUE,85,"25
"
4,5,0,3,TRUE,71,"20
"
4,5,0,4,TRUE,64,"19
"
4,5,0,5,TRUE,65,"17
"
4,5,0,6,TRUE,64,"14
"
4,5,0,7,TRUE,28,"7
"
4,5,1,0,FALSE,17977,"5001
"
4,5,1,1,TRUE,2726,"745
"
4,5,1,2,TRUE,98,"25
"
4,5,1,3,TRUE,78,"20
"
4,5,1,4,TRUE,58,"19
"
4,5,1,5,TRUE,48,"17
"
4,5,1,6,TRUE,33,"14
"
4,5,1,7,TRUE,30,"7
"
4,5,2,0,FALSE,32668,"5001
"
4,5,2,1,TRUE,4857,"733
"
4,5,2,2,TRUE,176,"26
"
4,5,2,3,TRUE,110,"19
"
4,5,2,4,TRUE,109,"19
"
4,5,2,5,TRUE,135,"18
"
4,5,2,6,TRUE,123,"16
"
4,5,2,7,TRUE,56,"8
"
4,5,3,0,TRUE,5587,"694
"
4,5,3,1,TRUE,947,"97
"
4,5,3,2,TRUE,203,"21
"
4,5,3,3,TRUE,204,"18
"
4,5,3,4,TRUE,182,"18
"
4,5,3,5,TRUE,223,"18
"
4,5,3,6,TRUE,222,"17
"
4,5,3,7,TRUE,69,"8
"
4,5,4,0,TRUE,8857,"647
"
4,5,4,1,TRUE,1188,"96
"
4,5,4,2,TRUE,291,"21
"
4,5,4,3,TRUE,300,"17
"
4,5,4,4,TRUE,271,"17
"
4,5,4,5,TRUE,285,"18
"
4,5,4,6,TRUE,257,"18
"
4,5,4,7,TRUE,113,"9
"
4,5,5,0,TRUE,8524,"620
"
4,5,5,1,TRUE,1657,"94
"
4,5,5,2,TRUE,433,"21
"
4,5,5,3,TRUE,293,"17
"
4,5,5,4,TRUE,305,"17
"
4,5,5,5,TRUE,393,"18
"
4,5,5,6,TRUE,315,"18
"
4,5,5,7,TRUE,197,"10
"
4,5,6,0,TRUE,588,"27
"
4,5,6,1,TRUE,672,"26
"
4,5,6,2,TRUE,347,"17
"
4,5,6,3,TRUE,338,"17
"
4,5,6,4,TRUE,412,"17
"
4,5,6,5,TRUE,356,"18
"
4,5,6,6,TRUE,450,"18
"
4,5,6,7,TRUE,229,"10
"
4,6,0,0,FALSE,20984,"5001
"
4,6,0,1,TRUE,3100,"749
"
4,6,0,2,TRUE,103,"25
"
4,6,0,3,TRUE,77,"20
"
4,6,0,4,TRUE,51,"19
"
4,6,0,5,TRUE,63,"17
"
4,6,0,6,TRUE,63,"14
"
4,6,0,7,TRUE,21,"7
"
4,6,1,0,FALSE,22586,"5001
"
4,6,1,1,TRUE,3274,"745
"
4,6,1,2,TRUE,69,"25
"
4,6,1,3,TRUE,84,"20
"
4,6,1,4,TRUE,75,"19
"
4,6,1,5,TRUE,61,"17
"
4,6,1,6,TRUE,56,"15
"
4,6,1,7,TRUE,17,"7
"
4,6,2,0,FALSE,27054,"5001
"
4,6,2,1,TRUE,5827,"733
"
4,6,2,2,TRUE,179,"26
"
4,6,2,3,TRUE,104,"18
"
4,6,2,4,TRUE,97,"18
"
4,6,2,5,TRUE,181,"18
"
4,6,2,6,TRUE,148,"16
"
4,6,2,7,TRUE,68,"8
"
4,6,3,0,TRUE,6480,"694
"
4,6,3,1,TRUE,1129,"97
"
4,6,3,2,TRUE,256,"19
"
4,6,3,3,TRUE,262,"18
"
4,6,3,4,TRUE,202,"17
"
4,6,3,5,TRUE,269,"18
"
4,6,3,6,TRUE,231,"17
"
4,6,3,7,TRUE,105,"9
"
4,6,4,0,TRUE,9991,"647
"
4,6,4,1,TRUE,1422,"96
"
4,6,4,2,TRUE,392,"20
"
4,6,4,3,TRUE,283,"16
"
4,6,4,4,TRUE,256,"16
"
4,6,4,5,TRUE,274,"17
"
4,6,4,6,TRUE,279,"18
"
4,6,4,7,TRUE,185,"10
"
4,6,5,0,TRUE,12920,"608
"
4,6,5,1,TRUE,2085,"94
"
4,6,5,2,TRUE,452,"21
"
4,6,5,3,TRUE,373,"16
"
4,6,5,4,TRUE,377,"17
"
4,6,5,5,TRUE,429,"17
"
4,6,5,6,TRUE,372,"18
"
4,6,5,7,TRUE,272,"11
"
4,6,6,0,TRUE,699,"23
"
4,6,6,1,TRUE,524,"23
"
4,6,6,2,TRUE,468,"18
"
4,6,6,3,TRUE,516,"16
"
4,6,6,4,TRUE,416,"17
"
4,6,6,5,TRUE,534,"17
"
4,6,6,6,TRUE,536,"18
"
4,6,6,7,TRUE,247,"11
"
5,0,0,0,FALSE,6590,"5001
"
5,0,0,1,TRUE,2703,"2045
"
5,0,0,2,TRUE,35,"32
"
5,0,0,3,TRUE,22,"22
"
5,0,0,4,TRUE,21,"18
"
5,0,0,5,TRUE,11,"12
"
5,0,0,6,TRUE,11,"9
"
5,0,0,7,TRUE,4,"5
"
5,0,1,0,FALSE,6326,"5001
"
5,0,1,1,TRUE,3047,"2045
"
5,0,1,2,TRUE,51,"32
"
5,0,1,3,TRUE,30,"22
"
5,0,1,4,TRUE,18,"18
"
5,0,1,5,TRUE,11,"12
"
5,0,1,6,TRUE,10,"9
"
5,0,1,7,TRUE,5,"5
"
5,0,2,0,FALSE,5961,"5001
"
5,0,2,1,TRUE,2685,"2045
"
5,0,2,2,TRUE,50,"32
"
5,0,2,3,TRUE,24,"22
"
5,0,2,4,TRUE,23,"18
"
5,0,2,5,TRUE,15,"12
"
5,0,2,6,TRUE,10,"9
"
5,0,2,7,TRUE,5,"5
"
5,0,3,0,FALSE,5736,"5001
"
5,0,3,1,TRUE,2635,"2045
"
5,0,3,2,TRUE,39,"32
"
5,0,3,3,TRUE,24,"22
"
5,0,3,4,TRUE,18,"18
"
5,0,3,5,TRUE,13,"12
"
5,0,3,6,TRUE,9,"9
"
5,0,3,7,TRUE,7,"5
"
5,0,4,0,FALSE,5895,"5001
"
5,0,4,1,TRUE,2654,"2045
"
5,0,4,2,TRUE,33,"32
"
5,0,4,3,TRUE,24,"22
"
5,0,4,4,TRUE,26,"18
"
5,0,4,5,TRUE,10,"12
"
5,0,4,6,TRUE,9,"9
"
5,0,4,7,TRUE,6,"5
"
5,0,5,0,FALSE,5689,"5001
"
5,0,5,1,TRUE,2653,"2045
"
5,0,5,2,TRUE,34,"32
"
5,0,5,3,TRUE,22,"22
"
5,0,5,4,TRUE,19,"18
"
5,0,5,5,TRUE,14,"12
"
5,0,5,6,TRUE,16,"9
"
5,0,5,7,TRUE,8,"5
"
5,0,6,0,FALSE,5783,"5001
"
5,0,6,1,TRUE,2665,"2045
"
5,0,6,2,TRUE,35,"32
"
5,0,6,3,TRUE,21,"22
"
5,0,6,4,TRUE,18,"18
"
5,0,6,5,TRUE,13,"12
"
5,0,6,6,TRUE,8,"9
"
5,0,6,7,TRUE,8,"5
"
5,1,0,0,FALSE,6637,"5001
"
5,1,0,1,TRUE,3393,"2045
"
5,1,0,2,TRUE,40,"32
"
5,1,0,3,TRUE,28,"23
"
5,1,0,4,TRUE,21,"18
"
5,1,0,5,TRUE,22,"13
"
5,1,0,6,TRUE,12,"10
"
5,1,0,7,TRUE,8,"5
"
5,1,1,0,FALSE,9123,"5001
"
5,1,1,1,TRUE,3630,"2033
"
5,1,1,2,TRUE,41,"32
"
5,1,1,3,TRUE,32,"23
"
5,1,1,4,TRUE,25,"18
"
5,1,1,5,TRUE,17,"13
"
5,1,1,6,TRUE,11,"10
"
5,1,1,7,TRUE,8,"5
"
5,1,2,0,FALSE,9266,"5001
"
5,1,2,1,TRUE,3774,"1997
"
5,1,2,2,TRUE,49,"32
"
5,1,2,3,TRUE,33,"23
"
5,1,2,4,TRUE,31,"18
"
5,1,2,5,TRUE,23,"13
"
5,1,2,6,TRUE,15,"10
"
5,1,2,7,TRUE,10,"5
"
5,1,3,0,FALSE,8054,"5001
"
5,1,3,1,TRUE,4272,"1997
"
5,1,3,2,TRUE,46,"32
"
5,1,3,3,TRUE,41,"23
"
5,1,3,4,TRUE,36,"18
"
5,1,3,5,TRUE,20,"14
"
5,1,3,6,TRUE,23,"10
"
5,1,3,7,TRUE,11,"6
"
5,1,4,0,FALSE,9236,"5001
"
5,1,4,1,TRUE,3599,"1997
"
5,1,4,2,TRUE,63,"32
"
5,1,4,3,TRUE,46,"23
"
5,1,4,4,TRUE,54,"19
"
5,1,4,5,TRUE,29,"14
"
5,1,4,6,TRUE,21,"10
"
5,1,4,7,TRUE,13,"6
"
5,1,5,0,FALSE,13181,"5001
"
5,1,5,1,TRUE,4509,"1997
"
5,1,5,2,TRUE,72,"32
"
5,1,5,3,TRUE,38,"23
"
5,1,5,4,TRUE,29,"19
"
5,1,5,5,TRUE,20,"14
"
5,1,5,6,TRUE,24,"11
"
5,1,5,7,TRUE,17,"6
"
5,1,6,0,FALSE,9760,"5001
"
5,1,6,1,TRUE,4749,"1997
"
5,1,6,2,TRUE,57,"32
"
5,1,6,3,TRUE,39,"23
"
5,1,6,4,TRUE,54,"19
"
5,1,6,5,TRUE,27,"15
"
5,1,6,6,TRUE,17,"11
"
5,1,6,7,TRUE,14,"6
"
5,2,0,0,FALSE,9070,"5001
"
5,2,0,1,TRUE,4831,"2045
"
5,2,0,2,TRUE,47,"32
"
5,2,0,3,TRUE,46,"23
"
5,2,0,4,TRUE,63,"18
"
5,2,0,5,TRUE,45,"14
"
5,2,0,6,TRUE,35,"10
"
5,2,0,7,TRUE,14,"5
"
5,2,1,0,FALSE,10641,"5001
"
5,2,1,1,TRUE,5440,"2033
"
5,2,1,2,TRUE,52,"33
"
5,2,1,3,TRUE,50,"23
"
5,2,1,4,TRUE,29,"18
"
5,2,1,5,TRUE,19,"14
"
5,2,1,6,TRUE,17,"10
"
5,2,1,7,TRUE,11,"6
"
5,2,2,0,FALSE,12040,"5001
"
5,2,2,1,TRUE,5524,"1997
"
5,2,2,2,TRUE,79,"32
"
5,2,2,3,TRUE,47,"23
"
5,2,2,4,TRUE,35,"19
"
5,2,2,5,TRUE,35,"15
"
5,2,2,6,TRUE,23,"12
"
5,2,2,7,TRUE,16,"6
"
5,2,3,0,FALSE,16846,"5001
"
5,2,3,1,TRUE,5122,"1893
"
5,2,3,2,TRUE,110,"33
"
5,2,3,3,TRUE,68,"23
"
5,2,3,4,TRUE,46,"20
"
5,2,3,5,TRUE,48,"16
"
5,2,3,6,TRUE,55,"13
"
5,2,3,7,TRUE,12,"6
"
5,2,4,0,FALSE,19497,"5001
"
5,2,4,1,TRUE,6351,"1885
"
5,2,4,2,TRUE,134,"33
"
5,2,4,3,TRUE,80,"23
"
5,2,4,4,TRUE,53,"20
"
5,2,4,5,TRUE,56,"16
"
5,2,4,6,TRUE,43,"13
"
5,2,4,7,TRUE,21,"6
"
5,2,5,0,FALSE,17975,"5001
"
5,2,5,1,TRUE,8078,"1886
"
5,2,5,2,TRUE,117,"33
"
5,2,5,3,TRUE,88,"23
"
5,2,5,4,TRUE,67,"20
"
5,2,5,5,TRUE,63,"16
"
5,2,5,6,TRUE,63,"13
"
5,2,5,7,TRUE,22,"6
"
5,2,6,0,FALSE,22174,"5001
"
5,2,6,1,TRUE,7032,"1729
"
5,2,6,2,TRUE,96,"31
"
5,2,6,3,TRUE,92,"23
"
5,2,6,4,TRUE,76,"20
"
5,2,6,5,TRUE,48,"17
"
5,2,6,6,TRUE,54,"13
"
5,2,6,7,TRUE,27,"7
"
5,3,0,0,FALSE,10401,"5001
"
5,3,0,1,TRUE,4244,"2045
"
5,3,0,2,TRUE,54,"32
"
5,3,0,3,TRUE,68,"22
"
5,3,0,4,TRUE,44,"19
"
5,3,0,5,TRUE,30,"15
"
5,3,0,6,TRUE,23,"12
"
5,3,0,7,TRUE,18,"6
"
5,3,1,0,FALSE,12220,"5001
"
5,3,1,1,TRUE,4178,"2033
"
5,3,1,2,TRUE,71,"32
"
5,3,1,3,TRUE,49,"23
"
5,3,1,4,TRUE,42,"19
"
5,3,1,5,TRUE,26,"16
"
5,3,1,6,TRUE,27,"12
"
5,3,1,7,TRUE,15,"6
"
5,3,2,0,FALSE,18560,"5001
"
5,3,2,1,TRUE,8424,"1997
"
5,3,2,2,TRUE,121,"32
"
5,3,2,3,TRUE,66,"21
"
5,3,2,4,TRUE,73,"20
"
5,3,2,5,TRUE,70,"17
"
5,3,2,6,TRUE,47,"14
"
5,3,2,7,TRUE,29,"7
"
5,3,3,0,FALSE,28525,"5001
"
5,3,3,1,TRUE,2444,"554
"
5,3,3,2,TRUE,158,"28
"
5,3,3,3,TRUE,89,"21
"
5,3,3,4,TRUE,110,"20
"
5,3,3,5,TRUE,108,"18
"
5,3,3,6,TRUE,124,"15
"
5,3,3,7,TRUE,55,"7
"
5,3,4,0,FALSE,35742,"5001
"
5,3,4,1,TRUE,6264,"1149
"
5,3,4,2,TRUE,201,"28
"
5,3,4,3,TRUE,118,"20
"
5,3,4,4,TRUE,150,"20
"
5,3,4,5,TRUE,146,"18
"
5,3,4,6,TRUE,120,"16
"
5,3,4,7,TRUE,76,"8
"
5,3,5,0,TRUE,15089,"1747
"
5,3,5,1,TRUE,1159,"157
"
5,3,5,2,TRUE,224,"28
"
5,3,5,3,TRUE,212,"20
"
5,3,5,4,TRUE,199,"20
"
5,3,5,5,TRUE,210,"19
"
5,3,5,6,TRUE,134,"16
"
5,3,5,7,TRUE,63,"8
"
5,3,6,0,TRUE,15688,"1636
"
5,3,6,1,TRUE,1212,"155
"
5,3,6,2,TRUE,296,"29
"
5,3,6,3,TRUE,214,"20
"
5,3,6,4,TRUE,242,"20
"
5,3,6,5,TRUE,224,"19
"
5,3,6,6,TRUE,172,"17
"
5,3,6,7,TRUE,85,"8
"
5,4,0,0,FALSE,13483,"5001
"
5,4,0,1,TRUE,4898,"2045
"
5,4,0,2,TRUE,81,"32
"
5,4,0,3,TRUE,53,"22
"
5,4,0,4,TRUE,43,"19
"
5,4,0,5,TRUE,32,"17
"
5,4,0,6,TRUE,42,"13
"
5,4,0,7,TRUE,19,"6
"
5,4,1,0,FALSE,14467,"5001
"
5,4,1,1,TRUE,5787,"2033
"
5,4,1,2,TRUE,78,"32
"
5,4,1,3,TRUE,50,"22
"
5,4,1,4,TRUE,42,"19
"
5,4,1,5,TRUE,36,"17
"
5,4,1,6,TRUE,38,"13
"
5,4,1,7,TRUE,16,"7
"
5,4,2,0,FALSE,17616,"5001
"
5,4,2,1,TRUE,11087,"1997
"
5,4,2,2,TRUE,175,"32
"
5,4,2,3,TRUE,72,"20
"
5,4,2,4,TRUE,56,"19
"
5,4,2,5,TRUE,92,"18
"
5,4,2,6,TRUE,129,"15
"
5,4,2,7,TRUE,34,"7
"
5,4,3,0,TRUE,15433,"1886
"
5,4,3,1,TRUE,1115,"162
"
5,4,3,2,TRUE,151,"25
"
5,4,3,3,TRUE,175,"20
"
5,4,3,4,TRUE,186,"19
"
5,4,3,5,TRUE,159,"19
"
5,4,3,6,TRUE,136,"17
"
5,4,3,7,TRUE,76,"8
"
5,4,4,0,TRUE,16418,"1758
"
5,4,4,1,TRUE,1742,"159
"
5,4,4,2,TRUE,305,"24
"
5,4,4,3,TRUE,220,"19
"
5,4,4,4,TRUE,192,"19
"
5,4,4,5,TRUE,228,"19
"
5,4,4,6,TRUE,184,"17
"
5,4,4,7,TRUE,125,"9
"
5,4,5,0,TRUE,18418,"1636
"
5,4,5,1,TRUE,2414,"155
"
5,4,5,2,TRUE,318,"25
"
5,4,5,3,TRUE,245,"18
"
5,4,5,4,TRUE,277,"18
"
5,4,5,5,TRUE,235,"18
"
5,4,5,6,TRUE,302,"18
"
5,4,5,7,TRUE,124,"9
"
5,4,6,0,TRUE,20818,"1660
"
5,4,6,1,TRUE,2584,"153
"
5,4,6,2,TRUE,293,"20
"
5,4,6,3,TRUE,223,"17
"
5,4,6,4,TRUE,283,"18
"
5,4,6,5,TRUE,316,"18
"
5,4,6,6,TRUE,301,"18
"
5,4,6,7,TRUE,150,"10
"
5,5,0,0,FALSE,17556,"5001
"
5,5,0,1,TRUE,6033,"2045
"
5,5,0,2,TRUE,112,"32
"
5,5,0,3,TRUE,78,"22
"
5,5,0,4,TRUE,56,"19
"
5,5,0,5,TRUE,57,"18
"
5,5,0,6,TRUE,50,"15
"
5,5,0,7,TRUE,18,"7
"
5,5,1,0,FALSE,14679,"5001
"
5,5,1,1,TRUE,5560,"2033
"
5,5,1,2,TRUE,131,"32
"
5,5,1,3,TRUE,72,"22
"
5,5,1,4,TRUE,59,"19
"
5,5,1,5,TRUE,62,"18
"
5,5,1,6,TRUE,50,"15
"
5,5,1,7,TRUE,30,"7
"
5,5,2,0,FALSE,29914,"5001
"
5,5,2,1,TRUE,11413,"1997
"
5,5,2,2,TRUE,184,"32
"
5,5,2,3,TRUE,93,"20
"
5,5,2,4,TRUE,88,"19
"
5,5,2,5,TRUE,108,"18
"
5,5,2,6,TRUE,110,"17
"
5,5,2,7,TRUE,47,"8
"
5,5,3,0,TRUE,18506,"1886
"
5,5,3,1,TRUE,1473,"162
"
5,5,3,2,TRUE,236,"23
"
5,5,3,3,TRUE,165,"19
"
5,5,3,4,TRUE,203,"18
"
5,5,3,5,TRUE,200,"18
"
5,5,3,6,TRUE,177,"18
"
5,5,3,7,TRUE,100,"9
"
5,5,4,0,TRUE,22452,"1758
"
5,5,4,1,TRUE,2274,"159
"
5,5,4,2,TRUE,324,"24
"
5,5,4,3,TRUE,187,"18
"
5,5,4,4,TRUE,278,"17
"
5,5,4,5,TRUE,259,"18
"
5,5,4,6,TRUE,278,"18
"
5,5,4,7,TRUE,160,"10
"
5,5,5,0,TRUE,23516,"1683
"
5,5,5,1,TRUE,2846,"155
"
5,5,5,2,TRUE,402,"24
"
5,5,5,3,TRUE,242,"17
"
5,5,5,4,TRUE,366,"17
"
5,5,5,5,TRUE,356,"18
"
5,5,5,6,TRUE,326,"18
"
5,5,5,7,TRUE,172,"10
"
5,5,6,0,TRUE,471,"27
"
5,5,6,1,TRUE,645,"26
"
5,5,6,2,TRUE,409,"19
"
5,5,6,3,TRUE,345,"17
"
5,5,6,4,TRUE,435,"17
"
5,5,6,5,TRUE,368,"17
"
5,5,6,6,TRUE,325,"18
"
5,5,6,7,TRUE,289,"11
"
5,6,0,0,FALSE,14335,"5001
"
5,6,0,1,TRUE,8597,"2045
"
5,6,0,2,TRUE,96,"32
"
5,6,0,3,TRUE,78,"21
"
5,6,0,4,TRUE,62,"19
"
5,6,0,5,TRUE,66,"18
"
5,6,0,6,TRUE,53,"15
"
5,6,0,7,TRUE,15,"7
"
5,6,1,0,FALSE,22456,"5001
"
5,6,1,1,TRUE,7328,"2033
"
5,6,1,2,TRUE,131,"32
"
5,6,1,3,TRUE,79,"22
"
5,6,1,4,TRUE,50,"19
"
5,6,1,5,TRUE,71,"18
"
5,6,1,6,TRUE,88,"15
"
5,6,1,7,TRUE,33,"7
"
5,6,2,0,FALSE,39173,"5001
"
5,6,2,1,TRUE,13991,"1997
"
5,6,2,2,TRUE,195,"32
"
5,6,2,3,TRUE,142,"20
"
5,6,2,4,TRUE,128,"18
"
5,6,2,5,TRUE,166,"18
"
5,6,2,6,TRUE,143,"17
"
5,6,2,7,TRUE,71,"9
"
5,6,3,0,TRUE,18212,"1886
"
5,6,3,1,TRUE,1618,"162
"
5,6,3,2,TRUE,292,"22
"
5,6,3,3,TRUE,217,"18
"
5,6,3,4,TRUE,230,"17
"
5,6,3,5,TRUE,186,"18
"
5,6,3,6,TRUE,232,"18
"
5,6,3,7,TRUE,124,"10
"
5,6,4,0,TRUE,23374,"1758
"
5,6,4,1,TRUE,2174,"159
"
5,6,4,2,TRUE,316,"23
"
5,6,4,3,TRUE,206,"17
"
5,6,4,4,TRUE,326,"16
"
5,6,4,5,TRUE,299,"17
"
5,6,4,6,TRUE,299,"18
"
5,6,4,7,TRUE,198,"11
"
5,6,5,0,TRUE,34244,"1652
"
5,6,5,1,TRUE,3047,"155
"
5,6,5,2,TRUE,359,"23
"
5,6,5,3,TRUE,368,"17
"
5,6,5,4,TRUE,386,"16
"
5,6,5,5,TRUE,351,"17
"
5,6,5,6,TRUE,392,"18
"
5,6,5,7,TRUE,224,"11
"
5,6,6,0,TRUE,655,"23
"
5,6,6,1,TRUE,607,"23
"
5,6,6,2,TRUE,588,"19
"
5,6,6,3,TRUE,413,"16
"
5,6,6,4,TRUE,425,"16
"
5,6,6,5,TRUE,503,"17
"
5,6,6,6,TRUE,591,"18
"
5,6,6,7,TRUE,340,"12
"
